{"Players":[{"UUID":"13c6cc72-0530-4a42-afe4-7fd1a063285b","DefaultHome":"","deathLocation":{"x":-444,"y":68,"z":71,"world":"minecraft:overworld"},"Homes":[]},{"UUID":"177ef833-bbf9-4a8e-b595-c9e4cbdcb989","DefaultHome":"","deathLocation":{"x":107,"y":-31,"z":127,"world":"minecraft:overworld"},"Homes":[]},{"UUID":"b64ea033-9aed-4f0e-92c3-5ed3dc96190a","DefaultHome":"","deathLocation":{"x":463,"y":-37,"z":-114,"world":"minecraft:overworld"},"Homes":[]},{"UUID":"dc32500d-88d6-4f3d-90d4-c5b8ea96857e","DefaultHome":"","deathLocation":{"x":60,"y":-41,"z":179,"world":"minecraft:overworld"},"Homes":[]}]}