{"stats":{"minecraft:dropped":{"minecraft:iron_ingot":5,"minecraft:wheat_seeds":6,"minecraft:diamond_axe":1,"minecraft:tnt":1,"minecraft:glass_bottle":1,"minecraft:diamond":9,"minecraft:crafting_table":2,"minecraft:dripstone_block":1,"minecraft:cooked_porkchop":2,"minecraft:decorated_pot":2,"minecraft:waxed_oxidized_cut_copper_stairs":4,"minecraft:crossbow":2,"minecraft:feather":2,"minecraft:cobblestone":1,"minecraft:book":1,"minecraft:leather":6,"minecraft:apple":1,"minecraft:rail":2,"minecraft:heavy_core":1,"minecraft:red_mushroom":2,"minecraft:stick":6,"minecraft:dirt":15,"minecraft:torch":18,"minecraft:map":1,"minecraft:waxed_oxidized_copper":2,"minecraft:white_banner":1,"minecraft:iron_pickaxe":4,"minecraft:paper":5,"minecraft:string":10,"minecraft:white_wool":1,"minecraft:music_disc_cat":1,"minecraft:bone":25,"minecraft:goat_horn":1,"minecraft:tuff_bricks":2,"minecraft:stone_sword":1,"minecraft:raw_iron":37,"minecraft:experience_bottle":8,"minecraft:rotten_flesh":20,"minecraft:oak_planks":57,"minecraft:wind_charge":5,"minecraft:gunpowder":1,"minecraft:iron_chestplate":1,"minecraft:andesite":2,"minecraft:jungle_log":8,"minecraft:acacia_sapling":1,"minecraft:breeze_rod":2,"minecraft:spider_eye":7,"minecraft:beef":4,"minecraft:stone_brick_stairs":1,"minecraft:brick":16},"minecraft:crafted":{"minecraft:oak_planks":488,"minecraft:tripwire_hook":1,"minecraft:cooked_chicken":4,"minecraft:furnace":6,"minecraft:diamond_shovel":1,"minecraft:cooked_mutton":2,"minecraft:mace":1,"minecraft:diamond_helmet":1,"minecraft:diamond_leggings":1,"minecraft:iron_axe":2,"minecraft:stone_pickaxe":1,"minecraft:chest":4,"minecraft:diamond_boots":1,"minecraft:cooked_beef":11,"minecraft:diamond_sword":1,"minecraft:emerald":9,"minecraft:cooked_porkchop":26,"minecraft:crafting_table":7,"minecraft:iron_helmet":1,"minecraft:wooden_pickaxe":1,"minecraft:stone_axe":1,"minecraft:air":0,"minecraft:oak_boat":1,"minecraft:white_wool":3,"minecraft:iron_chestplate":1,"minecraft:shield":2,"minecraft:stick":112,"minecraft:iron_ingot":18,"minecraft:iron_pickaxe":3,"minecraft:wooden_axe":1,"minecraft:stone_sword":1,"minecraft:gold_ingot":9,"minecraft:acacia_planks":28,"minecraft:torch":216,"minecraft:diamond_chestplate":1},"minecraft:used":{"minecraft:stone_sword":26,"minecraft:chest":4,"minecraft:decorated_pot":2,"minecraft:shield":72,"minecraft:cooked_chicken":4,"minecraft:trial_key":3,"minecraft:torch":198,"minecraft:dirt":367,"minecraft:golden_shovel":33,"minecraft:wooden_axe":15,"minecraft:iron_axe":47,"minecraft:grass_block":18,"minecraft:golden_carrot":2,"minecraft:beef":2,"minecraft:furnace":7,"minecraft:egg":2,"minecraft:cooked_beef":12,"minecraft:cooked_mutton":2,"minecraft:baked_potato":1,"minecraft:stone_pickaxe":62,"minecraft:oak_planks":321,"minecraft:ender_pearl":1,"minecraft:wooden_pickaxe":4,"minecraft:sandstone":1,"minecraft:diamond_axe":167,"minecraft:golden_apple":1,"minecraft:crafting_table":10,"minecraft:red_bed":5,"minecraft:crossbow":4,"minecraft:dripstone_block":9,"minecraft:oak_log":1,"minecraft:diamond_pickaxe":3,"minecraft:apple":27,"minecraft:diamond_shovel":2060,"minecraft:ominous_trial_key":4,"minecraft:mace":15,"minecraft:chicken":1,"minecraft:wind_charge":23,"minecraft:bread":6,"minecraft:iron_pickaxe":237,"minecraft:stone_axe":43,"minecraft:diamond_sword":478,"minecraft:cobblestone":8,"minecraft:potion":1,"minecraft:cooked_porkchop":24,"minecraft:oak_boat":3,"minecraft:experience_bottle":1},"minecraft:killed":{"minecraft:armadillo":1,"minecraft:cave_spider":13,"minecraft:witch":1,"minecraft:spider":12,"minecraft:slime":3,"minecraft:skeleton":31,"minecraft:chicken":5,"minecraft:silverfish":3,"minecraft:husk":1,"minecraft:pig":10,"minecraft:creeper":4,"minecraft:sheep":4,"minecraft:pillager":21,"minecraft:zombie":44,"minecraft:breeze":2,"minecraft:cow":12},"minecraft:custom":{"minecraft:mob_kills":175,"minecraft:inspect_hopper":1,"minecraft:interact_with_crafting_table":68,"minecraft:open_barrel":11,"minecraft:leave_game":5,"minecraft:time_since_death":153915,"minecraft:climb_one_cm":8165,"minecraft:sprint_one_cm":1179742,"minecraft:walk_one_cm":1499272,"minecraft:damage_blocked_by_shield":2344,"minecraft:drop":174,"minecraft:talked_to_villager":1,"minecraft:play_time":348154,"minecraft:sneak_time":4681,"minecraft:deaths":8,"minecraft:walk_under_water_one_cm":28467,"minecraft:boat_one_cm":104124,"minecraft:jump":5706,"minecraft:walk_on_water_one_cm":43269,"minecraft:total_world_time":348154,"minecraft:interact_with_furnace":52,"minecraft:interact_with_cartography_table":3,"minecraft:sleep_in_bed":5,"minecraft:time_since_rest":76912,"minecraft:damage_taken":5668,"minecraft:trigger_trapped_chest":4,"minecraft:damage_dealt":27718,"minecraft:swim_one_cm":112434,"minecraft:fly_one_cm":992605,"minecraft:open_chest":169,"minecraft:crouch_one_cm":17592,"minecraft:fall_one_cm":162208,"minecraft:inspect_dispenser":3},"minecraft:broken":{"minecraft:golden_shovel":1,"minecraft:diamond_shovel":1,"minecraft:iron_pickaxe":2},"minecraft:killed_by":{"minecraft:skeleton":3,"minecraft:zombie":2},"minecraft:mined":{"minecraft:infested_deepslate":1,"minecraft:deepslate_tiles":1,"minecraft:oak_sapling":5,"minecraft:deepslate_diamond_ore":2,"minecraft:brewing_stand":1,"minecraft:granite":3,"minecraft:grass_block":1052,"minecraft:decorated_pot":2,"minecraft:red_mushroom":1,"minecraft:sandstone":37,"minecraft:large_fern":1,"minecraft:redstone_ore":1,"minecraft:furnace":2,"minecraft:iron_ore":15,"minecraft:fire":8,"minecraft:chiseled_sandstone":3,"minecraft:andesite":3,"minecraft:gold_block":1,"minecraft:pointed_dripstone":1,"minecraft:dirt_path":4,"minecraft:deepslate_iron_ore":1,"minecraft:stone":163,"minecraft:deepslate_redstone_ore":1,"minecraft:cut_sandstone":6,"minecraft:red_bed":6,"minecraft:orange_terracotta":2,"minecraft:crafting_table":5,"minecraft:short_grass":121,"minecraft:melon":9,"minecraft:campfire":4,"minecraft:tall_grass":32,"minecraft:oak_planks":102,"minecraft:sugar_cane":8,"minecraft:diorite":3,"minecraft:blue_terracotta":1,"minecraft:tnt":1,"minecraft:stone_brick_stairs":1,"minecraft:coal_ore":17,"minecraft:oak_log":24,"minecraft:sand":11,"minecraft:gravel":1,"minecraft:dripstone_block":14,"minecraft:dirt":947,"minecraft:cobweb":15,"minecraft:oak_leaves":16,"minecraft:deepslate":6,"minecraft:fern":4},"minecraft:picked_up":{"minecraft:charcoal":4,"minecraft:iron_chestplate":1,"minecraft:crafting_table":6,"minecraft:ominous_bottle":2,"minecraft:chicken":5,"minecraft:chest_minecart":1,"minecraft:diamond_sword":1,"minecraft:gold_block":1,"minecraft:potion":1,"minecraft:music_disc_creator":1,"minecraft:stone_brick_stairs":1,"minecraft:brewing_stand":1,"minecraft:brick":16,"minecraft:wind_charge":28,"minecraft:music_disc_cat":1,"minecraft:string":37,"minecraft:red_bed":6,"minecraft:flow_banner_pattern":1,"minecraft:cobbled_deepslate":1,"minecraft:beef":24,"minecraft:trial_key":3,"minecraft:oak_boat":3,"minecraft:iron_nugget":1,"minecraft:iron_pickaxe":5,"minecraft:melon_slice":44,"minecraft:sugar_cane":8,"minecraft:waxed_oxidized_copper":2,"minecraft:furnace":2,"minecraft:egg":2,"minecraft:tipped_arrow":44,"minecraft:sandstone":30,"minecraft:stick":116,"minecraft:raw_iron":127,"minecraft:torch":5,"minecraft:acacia_log":12,"minecraft:porkchop":25,"minecraft:diorite":3,"minecraft:redstone":19,"minecraft:tnt":1,"minecraft:arrow":41,"minecraft:rotten_flesh":42,"minecraft:diamond_chestplate":1,"minecraft:decorated_pot":4,"minecraft:waxed_oxidized_cut_copper_stairs":4,"minecraft:tuff_bricks":4,"minecraft:mutton":6,"minecraft:rail":2,"minecraft:white_wool":1,"minecraft:cobblestone":184,"minecraft:feather":2,"minecraft:cooked_beef":1,"minecraft:golden_carrot":2,"minecraft:glow_ink_sac":5,"minecraft:andesite":3,"minecraft:jungle_log":8,"minecraft:cut_sandstone":6,"minecraft:leather":13,"minecraft:red_mushroom":2,"minecraft:oak_log":471,"minecraft:gunpowder":2,"minecraft:dirt":625,"minecraft:white_banner":1,"minecraft:orange_terracotta":1,"minecraft:bone":37,"minecraft:apple":28,"minecraft:wheat_seeds":6,"minecraft:iron_ingot":26,"minecraft:rabbit":2,"minecraft:glass_bottle":1,"minecraft:oak_planks":115,"minecraft:acacia_sapling":1,"minecraft:emerald_block":1,"minecraft:heavy_core":2,"minecraft:dripstone_block":10,"minecraft:grass_block":18,"minecraft:chiseled_sandstone":2,"minecraft:spider_eye":12,"minecraft:diamond_shovel":1,"minecraft:diamond":35,"minecraft:miner_pottery_sherd":1,"minecraft:breeze_rod":3,"minecraft:crossbow":3,"minecraft:diamond_axe":2,"minecraft:golden_apple":1,"minecraft:emerald":18,"minecraft:baked_potato":1,"minecraft:oak_sapling":138,"minecraft:light_gray_carpet":3,"minecraft:ominous_trial_key":4,"minecraft:coal":249,"minecraft:diamond_pickaxe":1}},"DataVersion":3953}