{"stats":{"minecraft:dropped":{"minecraft:iron_ingot":5,"minecraft:wheat_seeds":6,"minecraft:diamond_axe":1,"minecraft:tnt":1,"minecraft:glass_bottle":1,"minecraft:diamond":9,"minecraft:crafting_table":2,"minecraft:dripstone_block":1,"minecraft:cooked_porkchop":2,"minecraft:decorated_pot":2,"minecraft:waxed_oxidized_cut_copper_stairs":4,"minecraft:crossbow":2,"minecraft:feather":2,"minecraft:cobblestone":1,"minecraft:book":1,"minecraft:leather":6,"minecraft:apple":1,"minecraft:granite":1,"minecraft:rail":2,"minecraft:heavy_core":1,"minecraft:red_mushroom":2,"minecraft:stick":6,"minecraft:dirt":22,"minecraft:torch":18,"minecraft:map":1,"minecraft:waxed_oxidized_copper":2,"minecraft:white_banner":1,"minecraft:iron_pickaxe":4,"minecraft:paper":5,"minecraft:string":32,"minecraft:white_wool":1,"minecraft:music_disc_cat":1,"minecraft:chiseled_sandstone":1,"minecraft:bone":25,"minecraft:goat_horn":1,"minecraft:tuff_bricks":2,"minecraft:cobbled_deepslate":6,"minecraft:stone_sword":1,"minecraft:raw_iron":37,"minecraft:experience_bottle":8,"minecraft:rotten_flesh":44,"minecraft:iron_boots":1,"minecraft:oak_planks":57,"minecraft:wind_charge":5,"minecraft:diamond_sword":1,"minecraft:gunpowder":1,"minecraft:diamond_pickaxe":1,"minecraft:iron_chestplate":1,"minecraft:andesite":3,"minecraft:jungle_log":8,"minecraft:acacia_sapling":1,"minecraft:breeze_rod":2,"minecraft:spider_eye":7,"minecraft:beef":4,"minecraft:stone_brick_stairs":1,"minecraft:brick":16},"minecraft:crafted":{"minecraft:oak_planks":488,"minecraft:tripwire_hook":3,"minecraft:iron_nugget":9,"minecraft:cooked_chicken":4,"minecraft:furnace":6,"minecraft:diamond_shovel":1,"minecraft:cooked_mutton":2,"minecraft:mace":1,"minecraft:diamond_helmet":1,"minecraft:diamond_leggings":1,"minecraft:iron_axe":2,"minecraft:stone_pickaxe":1,"minecraft:chest":6,"minecraft:diamond_boots":1,"minecraft:cooked_beef":27,"minecraft:diamond_sword":2,"minecraft:emerald":9,"minecraft:cooked_porkchop":31,"minecraft:crafting_table":7,"minecraft:iron_helmet":1,"minecraft:wooden_pickaxe":1,"minecraft:stone_axe":1,"minecraft:air":0,"minecraft:oak_boat":1,"minecraft:white_wool":3,"minecraft:iron_chestplate":1,"minecraft:shield":2,"minecraft:stick":116,"minecraft:iron_ingot":82,"minecraft:iron_pickaxe":3,"minecraft:wooden_axe":1,"minecraft:iron_block":3,"minecraft:stone_sword":1,"minecraft:gold_ingot":9,"minecraft:anvil":1,"minecraft:acacia_planks":28,"minecraft:torch":216,"minecraft:diamond_chestplate":1},"minecraft:used":{"minecraft:stone_sword":26,"minecraft:chest":6,"minecraft:decorated_pot":2,"minecraft:shield":94,"minecraft:cooked_chicken":4,"minecraft:trial_key":3,"minecraft:torch":198,"minecraft:dirt":367,"minecraft:anvil":1,"minecraft:golden_shovel":33,"minecraft:granite":1,"minecraft:wooden_axe":15,"minecraft:lava_bucket":5,"minecraft:villager_spawn_egg":1,"minecraft:iron_axe":47,"minecraft:grass_block":18,"minecraft:tripwire_hook":1,"minecraft:golden_carrot":2,"minecraft:beef":2,"minecraft:furnace":7,"minecraft:egg":2,"minecraft:cooked_beef":13,"minecraft:cobbled_deepslate":41,"minecraft:water_bucket":13,"minecraft:cooked_mutton":2,"minecraft:baked_potato":1,"minecraft:stone_pickaxe":62,"minecraft:oak_planks":321,"minecraft:ender_pearl":1,"minecraft:wooden_pickaxe":4,"minecraft:sandstone":1,"minecraft:cut_sandstone":1,"minecraft:diamond_axe":171,"minecraft:golden_apple":1,"minecraft:crafting_table":10,"minecraft:red_bed":6,"minecraft:crossbow":26,"minecraft:dripstone_block":9,"minecraft:oak_log":1,"minecraft:diamond_pickaxe":197,"minecraft:apple":37,"minecraft:diamond_shovel":2067,"minecraft:ominous_trial_key":4,"minecraft:mace":15,"minecraft:melon_slice":23,"minecraft:chicken":1,"minecraft:wind_charge":23,"minecraft:bread":10,"minecraft:iron_pickaxe":237,"minecraft:stone_axe":43,"minecraft:diamond_sword":732,"minecraft:cobblestone":70,"minecraft:potion":1,"minecraft:cooked_porkchop":24,"minecraft:andesite":1,"minecraft:bucket":18,"minecraft:oak_boat":3,"minecraft:experience_bottle":1},"minecraft:killed":{"minecraft:armadillo":1,"minecraft:cave_spider":19,"minecraft:witch":2,"minecraft:spider":21,"minecraft:slime":3,"minecraft:skeleton":46,"minecraft:chicken":5,"minecraft:silverfish":3,"minecraft:husk":1,"minecraft:pig":10,"minecraft:zombie_villager":1,"minecraft:bat":1,"minecraft:creeper":4,"minecraft:sheep":4,"minecraft:pillager":21,"minecraft:zombie":75,"minecraft:breeze":2,"minecraft:enderman":2,"minecraft:cow":12},"minecraft:custom":{"minecraft:interact_with_anvil":15,"minecraft:mob_kills":244,"minecraft:inspect_hopper":4,"minecraft:interact_with_crafting_table":79,"minecraft:open_barrel":12,"minecraft:leave_game":6,"minecraft:time_since_death":238690,"minecraft:climb_one_cm":8411,"minecraft:sprint_one_cm":1361027,"minecraft:walk_one_cm":1786576,"minecraft:damage_blocked_by_shield":3360,"minecraft:drop":216,"minecraft:talked_to_villager":1,"minecraft:play_time":432929,"minecraft:sneak_time":7689,"minecraft:deaths":8,"minecraft:walk_under_water_one_cm":30063,"minecraft:boat_one_cm":104124,"minecraft:jump":6793,"minecraft:walk_on_water_one_cm":57458,"minecraft:total_world_time":432929,"minecraft:interact_with_furnace":67,"minecraft:interact_with_cartography_table":3,"minecraft:sleep_in_bed":6,"minecraft:time_since_rest":71358,"minecraft:damage_taken":6337,"minecraft:trigger_trapped_chest":5,"minecraft:damage_dealt":38582,"minecraft:swim_one_cm":115586,"minecraft:fly_one_cm":1144747,"minecraft:open_chest":278,"minecraft:crouch_one_cm":27247,"minecraft:fall_one_cm":182627,"minecraft:inspect_dispenser":3},"minecraft:broken":{"minecraft:diamond_helmet":1,"minecraft:golden_shovel":1,"minecraft:diamond_shovel":1,"minecraft:iron_pickaxe":2},"minecraft:killed_by":{"minecraft:skeleton":3,"minecraft:zombie":2},"minecraft:mined":{"minecraft:infested_deepslate":1,"minecraft:deepslate_tiles":1,"minecraft:diamond_ore":2,"minecraft:oak_sapling":5,"minecraft:deepslate_diamond_ore":15,"minecraft:brewing_stand":1,"minecraft:granite":5,"minecraft:grass_block":1053,"minecraft:decorated_pot":2,"minecraft:red_mushroom":1,"minecraft:sandstone":37,"minecraft:spawner":2,"minecraft:large_fern":1,"minecraft:redstone_ore":1,"minecraft:furnace":2,"minecraft:cobbled_deepslate":2,"minecraft:iron_ore":25,"minecraft:fire":8,"minecraft:chiseled_sandstone":4,"minecraft:andesite":5,"minecraft:deepslate_lapis_ore":4,"minecraft:gold_block":1,"minecraft:pointed_dripstone":1,"minecraft:dirt_path":4,"minecraft:deepslate_iron_ore":8,"minecraft:stone":227,"minecraft:deepslate_redstone_ore":6,"minecraft:cut_sandstone":7,"minecraft:red_bed":7,"minecraft:orange_terracotta":2,"minecraft:crafting_table":5,"minecraft:short_grass":122,"minecraft:melon":9,"minecraft:campfire":4,"minecraft:nether_quartz_ore":1,"minecraft:tall_grass":52,"minecraft:deepslate_gold_ore":1,"minecraft:oak_planks":102,"minecraft:sugar_cane":8,"minecraft:diorite":3,"minecraft:chain":1,"minecraft:blue_terracotta":1,"minecraft:tnt":1,"minecraft:stone_brick_stairs":1,"minecraft:coal_ore":22,"minecraft:oak_log":24,"minecraft:sand":11,"minecraft:gravel":1,"minecraft:dripstone_block":14,"minecraft:dirt":954,"minecraft:cobweb":89,"minecraft:tripwire_hook":1,"minecraft:oak_leaves":16,"minecraft:deepslate":76,"minecraft:fern":4},"minecraft:picked_up":{"minecraft:charcoal":4,"minecraft:iron_chestplate":1,"minecraft:crafting_table":6,"minecraft:ominous_bottle":2,"minecraft:chicken":5,"minecraft:chest_minecart":1,"minecraft:diamond_sword":2,"minecraft:enchanted_book":2,"minecraft:chain":1,"minecraft:gold_block":1,"minecraft:potion":1,"minecraft:music_disc_creator":1,"minecraft:stone_brick_stairs":1,"minecraft:brewing_stand":1,"minecraft:brick":16,"minecraft:wind_charge":28,"minecraft:music_disc_cat":1,"minecraft:string":119,"minecraft:red_bed":7,"minecraft:flow_banner_pattern":1,"minecraft:cobbled_deepslate":74,"minecraft:beef":24,"minecraft:trial_key":3,"minecraft:oak_boat":3,"minecraft:iron_nugget":1,"minecraft:iron_pickaxe":5,"minecraft:melon_slice":44,"minecraft:sugar_cane":8,"minecraft:iron_boots":1,"minecraft:waxed_oxidized_copper":2,"minecraft:furnace":2,"minecraft:egg":2,"minecraft:tipped_arrow":44,"minecraft:sandstone":30,"minecraft:stick":119,"minecraft:raw_iron":180,"minecraft:torch":5,"minecraft:acacia_log":12,"minecraft:porkchop":25,"minecraft:diorite":3,"minecraft:redstone":105,"minecraft:tnt":1,"minecraft:arrow":55,"minecraft:rotten_flesh":71,"minecraft:diamond_chestplate":1,"minecraft:decorated_pot":4,"minecraft:waxed_oxidized_cut_copper_stairs":4,"minecraft:tuff_bricks":4,"minecraft:mutton":6,"minecraft:rail":2,"minecraft:white_wool":1,"minecraft:cobblestone":246,"minecraft:water_bucket":2,"minecraft:feather":2,"minecraft:cooked_beef":1,"minecraft:tripwire_hook":1,"minecraft:golden_carrot":2,"minecraft:glow_ink_sac":5,"minecraft:andesite":5,"minecraft:jungle_log":8,"minecraft:cut_sandstone":7,"minecraft:leather":13,"minecraft:red_mushroom":2,"minecraft:oak_log":471,"minecraft:gunpowder":2,"minecraft:lapis_lazuli":114,"minecraft:dirt":633,"minecraft:white_banner":1,"minecraft:orange_terracotta":1,"minecraft:bone":47,"minecraft:apple":28,"minecraft:bow":1,"minecraft:wheat_seeds":7,"minecraft:raw_gold":1,"minecraft:iron_ingot":45,"minecraft:rabbit":2,"minecraft:glass_bottle":1,"minecraft:oak_planks":115,"minecraft:acacia_sapling":1,"minecraft:emerald_block":1,"minecraft:heavy_core":2,"minecraft:quartz":1,"minecraft:dripstone_block":10,"minecraft:grass_block":18,"minecraft:chiseled_sandstone":3,"minecraft:spider_eye":17,"minecraft:diamond_shovel":1,"minecraft:diamond":63,"minecraft:granite":2,"minecraft:miner_pottery_sherd":1,"minecraft:breeze_rod":3,"minecraft:crossbow":3,"minecraft:diamond_axe":2,"minecraft:golden_apple":1,"minecraft:emerald":27,"minecraft:baked_potato":1,"minecraft:oak_sapling":138,"minecraft:light_gray_carpet":3,"minecraft:ominous_trial_key":4,"minecraft:coal":281,"minecraft:diamond_pickaxe":2}},"DataVersion":3953}