{"stats":{"minecraft:dropped":{"minecraft:iron_ingot":5,"minecraft:wheat_seeds":6,"minecraft:diamond_axe":1,"minecraft:tnt":1,"minecraft:glass_bottle":1,"minecraft:diamond":9,"minecraft:crafting_table":2,"minecraft:dripstone_block":1,"minecraft:cooked_porkchop":2,"minecraft:decorated_pot":2,"minecraft:waxed_oxidized_cut_copper_stairs":4,"minecraft:crossbow":2,"minecraft:feather":2,"minecraft:cobblestone":1,"minecraft:book":1,"minecraft:leather":6,"minecraft:apple":1,"minecraft:rail":2,"minecraft:heavy_core":1,"minecraft:red_mushroom":2,"minecraft:stick":6,"minecraft:dirt":15,"minecraft:torch":18,"minecraft:map":1,"minecraft:waxed_oxidized_copper":2,"minecraft:white_banner":1,"minecraft:iron_pickaxe":4,"minecraft:paper":5,"minecraft:string":10,"minecraft:white_wool":1,"minecraft:music_disc_cat":1,"minecraft:bone":25,"minecraft:goat_horn":1,"minecraft:tuff_bricks":2,"minecraft:stone_sword":1,"minecraft:raw_iron":37,"minecraft:experience_bottle":8,"minecraft:rotten_flesh":20,"minecraft:oak_planks":57,"minecraft:wind_charge":5,"minecraft:gunpowder":1,"minecraft:iron_chestplate":1,"minecraft:andesite":2,"minecraft:jungle_log":8,"minecraft:acacia_sapling":1,"minecraft:breeze_rod":2,"minecraft:spider_eye":7,"minecraft:beef":4,"minecraft:stone_brick_stairs":1,"minecraft:brick":16},"minecraft:crafted":{"minecraft:oak_planks":468,"minecraft:tripwire_hook":1,"minecraft:cooked_chicken":4,"minecraft:furnace":6,"minecraft:diamond_shovel":1,"minecraft:cooked_mutton":2,"minecraft:mace":1,"minecraft:diamond_helmet":1,"minecraft:diamond_leggings":1,"minecraft:iron_axe":2,"minecraft:stone_pickaxe":1,"minecraft:chest":4,"minecraft:diamond_boots":1,"minecraft:cooked_beef":11,"minecraft:diamond_sword":1,"minecraft:emerald":9,"minecraft:cooked_porkchop":26,"minecraft:crafting_table":6,"minecraft:iron_helmet":1,"minecraft:wooden_pickaxe":1,"minecraft:stone_axe":1,"minecraft:air":0,"minecraft:white_wool":3,"minecraft:iron_chestplate":1,"minecraft:shield":2,"minecraft:stick":112,"minecraft:iron_ingot":18,"minecraft:iron_pickaxe":3,"minecraft:wooden_axe":1,"minecraft:stone_sword":1,"minecraft:gold_ingot":9,"minecraft:acacia_planks":28,"minecraft:torch":216,"minecraft:diamond_chestplate":1},"minecraft:used":{"minecraft:stone_sword":26,"minecraft:chest":4,"minecraft:decorated_pot":2,"minecraft:shield":70,"minecraft:cooked_chicken":4,"minecraft:trial_key":3,"minecraft:torch":198,"minecraft:dirt":367,"minecraft:golden_shovel":33,"minecraft:wooden_axe":15,"minecraft:iron_axe":47,"minecraft:grass_block":18,"minecraft:golden_carrot":2,"minecraft:beef":2,"minecraft:furnace":7,"minecraft:egg":2,"minecraft:cooked_beef":12,"minecraft:cooked_mutton":2,"minecraft:baked_potato":1,"minecraft:stone_pickaxe":62,"minecraft:oak_planks":321,"minecraft:ender_pearl":1,"minecraft:wooden_pickaxe":4,"minecraft:diamond_axe":150,"minecraft:golden_apple":1,"minecraft:crafting_table":9,"minecraft:red_bed":5,"minecraft:crossbow":4,"minecraft:dripstone_block":9,"minecraft:oak_log":1,"minecraft:diamond_pickaxe":3,"minecraft:apple":13,"minecraft:diamond_shovel":2057,"minecraft:ominous_trial_key":4,"minecraft:mace":15,"minecraft:chicken":1,"minecraft:wind_charge":23,"minecraft:bread":6,"minecraft:iron_pickaxe":197,"minecraft:stone_axe":43,"minecraft:diamond_sword":390,"minecraft:cobblestone":8,"minecraft:potion":1,"minecraft:cooked_porkchop":24,"minecraft:experience_bottle":1},"minecraft:killed":{"minecraft:cave_spider":13,"minecraft:witch":1,"minecraft:spider":11,"minecraft:slime":3,"minecraft:skeleton":27,"minecraft:chicken":5,"minecraft:silverfish":3,"minecraft:pig":8,"minecraft:creeper":3,"minecraft:sheep":4,"minecraft:pillager":21,"minecraft:zombie":39,"minecraft:breeze":2,"minecraft:cow":6},"minecraft:custom":{"minecraft:mob_kills":152,"minecraft:inspect_hopper":1,"minecraft:interact_with_crafting_table":67,"minecraft:open_barrel":10,"minecraft:leave_game":5,"minecraft:time_since_death":123915,"minecraft:climb_one_cm":7309,"minecraft:sprint_one_cm":1030586,"minecraft:walk_one_cm":1398535,"minecraft:damage_blocked_by_shield":2294,"minecraft:drop":174,"minecraft:talked_to_villager":1,"minecraft:play_time":318154,"minecraft:sneak_time":4609,"minecraft:deaths":8,"minecraft:walk_under_water_one_cm":24887,"minecraft:jump":5014,"minecraft:walk_on_water_one_cm":37476,"minecraft:total_world_time":318154,"minecraft:interact_with_furnace":52,"minecraft:interact_with_cartography_table":2,"minecraft:sleep_in_bed":5,"minecraft:time_since_rest":46912,"minecraft:damage_taken":5479,"minecraft:trigger_trapped_chest":2,"minecraft:damage_dealt":24306,"minecraft:swim_one_cm":94637,"minecraft:fly_one_cm":842458,"minecraft:open_chest":149,"minecraft:crouch_one_cm":17373,"minecraft:fall_one_cm":140195,"minecraft:inspect_dispenser":3},"minecraft:broken":{"minecraft:golden_shovel":1,"minecraft:diamond_shovel":1,"minecraft:iron_pickaxe":1},"minecraft:killed_by":{"minecraft:skeleton":3,"minecraft:zombie":2},"minecraft:mined":{"minecraft:infested_deepslate":1,"minecraft:deepslate_tiles":1,"minecraft:oak_sapling":5,"minecraft:deepslate_diamond_ore":2,"minecraft:brewing_stand":1,"minecraft:granite":3,"minecraft:grass_block":1049,"minecraft:decorated_pot":2,"minecraft:red_mushroom":1,"minecraft:sandstone":7,"minecraft:large_fern":1,"minecraft:redstone_ore":1,"minecraft:furnace":2,"minecraft:iron_ore":15,"minecraft:fire":8,"minecraft:chiseled_sandstone":1,"minecraft:andesite":3,"minecraft:gold_block":1,"minecraft:pointed_dripstone":1,"minecraft:dirt_path":4,"minecraft:deepslate_iron_ore":1,"minecraft:stone":163,"minecraft:deepslate_redstone_ore":1,"minecraft:red_bed":6,"minecraft:orange_terracotta":1,"minecraft:crafting_table":4,"minecraft:short_grass":109,"minecraft:campfire":2,"minecraft:tall_grass":32,"minecraft:oak_planks":102,"minecraft:sugar_cane":8,"minecraft:diorite":3,"minecraft:blue_terracotta":1,"minecraft:tnt":1,"minecraft:stone_brick_stairs":1,"minecraft:coal_ore":16,"minecraft:oak_log":22,"minecraft:sand":11,"minecraft:gravel":1,"minecraft:dripstone_block":14,"minecraft:dirt":947,"minecraft:cobweb":15,"minecraft:oak_leaves":15,"minecraft:deepslate":6,"minecraft:fern":4},"minecraft:picked_up":{"minecraft:iron_chestplate":1,"minecraft:crafting_table":5,"minecraft:ominous_bottle":2,"minecraft:chicken":5,"minecraft:chest_minecart":1,"minecraft:diamond_sword":1,"minecraft:gold_block":1,"minecraft:potion":1,"minecraft:music_disc_creator":1,"minecraft:stone_brick_stairs":1,"minecraft:brewing_stand":1,"minecraft:brick":16,"minecraft:wind_charge":28,"minecraft:music_disc_cat":1,"minecraft:string":37,"minecraft:red_bed":6,"minecraft:flow_banner_pattern":1,"minecraft:cobbled_deepslate":1,"minecraft:beef":13,"minecraft:trial_key":3,"minecraft:iron_nugget":1,"minecraft:iron_pickaxe":5,"minecraft:sugar_cane":8,"minecraft:waxed_oxidized_copper":2,"minecraft:furnace":2,"minecraft:egg":2,"minecraft:tipped_arrow":44,"minecraft:stick":116,"minecraft:raw_iron":127,"minecraft:torch":5,"minecraft:acacia_log":12,"minecraft:porkchop":19,"minecraft:diorite":3,"minecraft:redstone":19,"minecraft:tnt":1,"minecraft:arrow":41,"minecraft:rotten_flesh":34,"minecraft:diamond_chestplate":1,"minecraft:decorated_pot":4,"minecraft:waxed_oxidized_cut_copper_stairs":4,"minecraft:tuff_bricks":4,"minecraft:mutton":6,"minecraft:rail":2,"minecraft:white_wool":1,"minecraft:cobblestone":184,"minecraft:feather":2,"minecraft:cooked_beef":1,"minecraft:golden_carrot":2,"minecraft:glow_ink_sac":5,"minecraft:andesite":3,"minecraft:jungle_log":8,"minecraft:leather":6,"minecraft:red_mushroom":2,"minecraft:oak_log":466,"minecraft:gunpowder":2,"minecraft:dirt":622,"minecraft:white_banner":1,"minecraft:bone":34,"minecraft:apple":28,"minecraft:wheat_seeds":6,"minecraft:iron_ingot":26,"minecraft:glass_bottle":1,"minecraft:oak_planks":115,"minecraft:acacia_sapling":1,"minecraft:emerald_block":1,"minecraft:heavy_core":2,"minecraft:dripstone_block":10,"minecraft:grass_block":18,"minecraft:spider_eye":12,"minecraft:diamond_shovel":1,"minecraft:diamond":35,"minecraft:miner_pottery_sherd":1,"minecraft:breeze_rod":3,"minecraft:crossbow":3,"minecraft:diamond_axe":2,"minecraft:golden_apple":1,"minecraft:emerald":18,"minecraft:baked_potato":1,"minecraft:oak_sapling":135,"minecraft:light_gray_carpet":3,"minecraft:ominous_trial_key":4,"minecraft:coal":217,"minecraft:diamond_pickaxe":1}},"DataVersion":3953}