{"stats":{"minecraft:used":{"minecraft:stone_sword":26,"minecraft:chest":2,"minecraft:decorated_pot":2,"minecraft:shield":68,"minecraft:trial_key":3,"minecraft:torch":198,"minecraft:dirt":3,"minecraft:wooden_axe":15,"minecraft:iron_axe":47,"minecraft:golden_carrot":2,"minecraft:furnace":5,"minecraft:egg":1,"minecraft:cooked_beef":9,"minecraft:baked_potato":1,"minecraft:stone_pickaxe":62,"minecraft:oak_planks":27,"minecraft:wooden_pickaxe":4,"minecraft:diamond_axe":13,"minecraft:golden_apple":1,"minecraft:crafting_table":7,"minecraft:red_bed":1,"minecraft:crossbow":1,"minecraft:dripstone_block":9,"minecraft:oak_log":1,"minecraft:diamond_pickaxe":3,"minecraft:apple":10,"minecraft:ominous_trial_key":4,"minecraft:mace":15,"minecraft:chicken":1,"minecraft:wind_charge":23,"minecraft:bread":6,"minecraft:iron_pickaxe":143,"minecraft:stone_axe":43,"minecraft:diamond_sword":344,"minecraft:cobblestone":8,"minecraft:potion":1,"minecraft:cooked_porkchop":20,"minecraft:experience_bottle":1},"minecraft:crafted":{"minecraft:oak_planks":236,"minecraft:furnace":4,"minecraft:mace":1,"minecraft:diamond_helmet":1,"minecraft:diamond_leggings":1,"minecraft:iron_axe":2,"minecraft:stone_pickaxe":1,"minecraft:chest":2,"minecraft:diamond_boots":1,"minecraft:cooked_beef":8,"minecraft:diamond_sword":1,"minecraft:emerald":9,"minecraft:cooked_porkchop":22,"minecraft:crafting_table":4,"minecraft:wooden_pickaxe":1,"minecraft:iron_helmet":1,"minecraft:stone_axe":1,"minecraft:air":0,"minecraft:white_wool":3,"minecraft:iron_chestplate":1,"minecraft:shield":2,"minecraft:stick":104,"minecraft:iron_ingot":18,"minecraft:iron_pickaxe":3,"minecraft:wooden_axe":1,"minecraft:stone_sword":1,"minecraft:acacia_planks":28,"minecraft:torch":216,"minecraft:diamond_chestplate":1},"minecraft:broken":{"minecraft:iron_pickaxe":1},"minecraft:killed_by":{"minecraft:skeleton":3,"minecraft:zombie":2},"minecraft:picked_up":{"minecraft:crafting_table":5,"minecraft:iron_chestplate":1,"minecraft:ominous_bottle":2,"minecraft:chicken":5,"minecraft:chest_minecart":1,"minecraft:diamond_sword":1,"minecraft:potion":1,"minecraft:music_disc_creator":1,"minecraft:brewing_stand":1,"minecraft:brick":16,"minecraft:wind_charge":28,"minecraft:music_disc_cat":1,"minecraft:string":35,"minecraft:red_bed":2,"minecraft:flow_banner_pattern":1,"minecraft:cobbled_deepslate":1,"minecraft:beef":13,"minecraft:trial_key":3,"minecraft:iron_pickaxe":4,"minecraft:sugar_cane":8,"minecraft:waxed_oxidized_copper":2,"minecraft:egg":1,"minecraft:furnace":2,"minecraft:tipped_arrow":44,"minecraft:stick":25,"minecraft:raw_iron":127,"minecraft:torch":5,"minecraft:acacia_log":12,"minecraft:porkchop":19,"minecraft:diorite":3,"minecraft:redstone":19,"minecraft:tnt":1,"minecraft:arrow":39,"minecraft:rotten_flesh":20,"minecraft:diamond_chestplate":1,"minecraft:decorated_pot":4,"minecraft:waxed_oxidized_cut_copper_stairs":4,"minecraft:tuff_bricks":4,"minecraft:mutton":2,"minecraft:rail":2,"minecraft:cobblestone":117,"minecraft:feather":2,"minecraft:cooked_beef":1,"minecraft:golden_carrot":2,"minecraft:glow_ink_sac":5,"minecraft:andesite":3,"minecraft:leather":6,"minecraft:red_mushroom":2,"minecraft:oak_log":91,"minecraft:gunpowder":1,"minecraft:dirt":14,"minecraft:white_banner":1,"minecraft:bone":32,"minecraft:apple":11,"minecraft:wheat_seeds":4,"minecraft:iron_ingot":26,"minecraft:glass_bottle":1,"minecraft:oak_planks":14,"minecraft:acacia_sapling":1,"minecraft:emerald_block":1,"minecraft:heavy_core":2,"minecraft:dripstone_block":10,"minecraft:spider_eye":11,"minecraft:diamond":35,"minecraft:miner_pottery_sherd":1,"minecraft:breeze_rod":3,"minecraft:crossbow":3,"minecraft:diamond_axe":1,"minecraft:golden_apple":1,"minecraft:emerald":18,"minecraft:baked_potato":1,"minecraft:oak_sapling":19,"minecraft:light_gray_carpet":3,"minecraft:ominous_trial_key":4,"minecraft:coal":217,"minecraft:diamond_pickaxe":1},"minecraft:killed":{"minecraft:cave_spider":13,"minecraft:witch":1,"minecraft:spider":7,"minecraft:slime":3,"minecraft:skeleton":24,"minecraft:chicken":5,"minecraft:silverfish":3,"minecraft:pig":8,"minecraft:creeper":1,"minecraft:sheep":2,"minecraft:pillager":21,"minecraft:zombie":26,"minecraft:breeze":2,"minecraft:cow":6},"minecraft:custom":{"minecraft:mob_kills":128,"minecraft:interact_with_crafting_table":46,"minecraft:open_barrel":10,"minecraft:leave_game":2,"minecraft:time_since_death":16745,"minecraft:climb_one_cm":7309,"minecraft:sprint_one_cm":760965,"minecraft:walk_one_cm":855856,"minecraft:damage_blocked_by_shield":2239,"minecraft:drop":157,"minecraft:talked_to_villager":1,"minecraft:play_time":210984,"minecraft:sneak_time":1672,"minecraft:deaths":8,"minecraft:walk_under_water_one_cm":21269,"minecraft:jump":3490,"minecraft:walk_on_water_one_cm":33198,"minecraft:total_world_time":210984,"minecraft:interact_with_furnace":31,"minecraft:interact_with_cartography_table":2,"minecraft:sleep_in_bed":1,"minecraft:time_since_rest":5855,"minecraft:damage_taken":5066,"minecraft:trigger_trapped_chest":2,"minecraft:damage_dealt":20877,"minecraft:swim_one_cm":89368,"minecraft:fly_one_cm":535815,"minecraft:open_chest":105,"minecraft:crouch_one_cm":4238,"minecraft:fall_one_cm":120808,"minecraft:inspect_dispenser":3},"minecraft:mined":{"minecraft:infested_deepslate":1,"minecraft:deepslate_tiles":1,"minecraft:oak_sapling":1,"minecraft:deepslate_diamond_ore":2,"minecraft:brewing_stand":1,"minecraft:granite":3,"minecraft:grass_block":6,"minecraft:decorated_pot":2,"minecraft:red_mushroom":1,"minecraft:sandstone":7,"minecraft:redstone_ore":1,"minecraft:furnace":2,"minecraft:iron_ore":15,"minecraft:fire":8,"minecraft:chiseled_sandstone":1,"minecraft:andesite":3,"minecraft:pointed_dripstone":1,"minecraft:deepslate_iron_ore":1,"minecraft:stone":112,"minecraft:deepslate_redstone_ore":1,"minecraft:red_bed":2,"minecraft:orange_terracotta":1,"minecraft:crafting_table":4,"minecraft:short_grass":12,"minecraft:campfire":2,"minecraft:tall_grass":3,"minecraft:sugar_cane":8,"minecraft:oak_planks":14,"minecraft:diorite":3,"minecraft:blue_terracotta":1,"minecraft:tnt":1,"minecraft:oak_log":20,"minecraft:coal_ore":16,"minecraft:sand":11,"minecraft:gravel":1,"minecraft:dripstone_block":14,"minecraft:dirt":5,"minecraft:cobweb":15,"minecraft:oak_leaves":4,"minecraft:deepslate":6},"minecraft:dropped":{"minecraft:iron_ingot":5,"minecraft:wheat_seeds":4,"minecraft:glass_bottle":1,"minecraft:diamond":9,"minecraft:crafting_table":2,"minecraft:waxed_oxidized_cut_copper_stairs":4,"minecraft:dripstone_block":1,"minecraft:cooked_porkchop":2,"minecraft:decorated_pot":1,"minecraft:crossbow":2,"minecraft:feather":2,"minecraft:cobblestone":1,"minecraft:book":1,"minecraft:leather":2,"minecraft:apple":1,"minecraft:rail":2,"minecraft:heavy_core":1,"minecraft:red_mushroom":2,"minecraft:stick":4,"minecraft:dirt":10,"minecraft:torch":18,"minecraft:map":1,"minecraft:waxed_oxidized_copper":2,"minecraft:white_banner":1,"minecraft:iron_pickaxe":3,"minecraft:paper":5,"minecraft:string":10,"minecraft:music_disc_cat":1,"minecraft:bone":25,"minecraft:tuff_bricks":2,"minecraft:goat_horn":1,"minecraft:stone_sword":1,"minecraft:experience_bottle":8,"minecraft:raw_iron":37,"minecraft:rotten_flesh":20,"minecraft:oak_planks":57,"minecraft:wind_charge":5,"minecraft:gunpowder":1,"minecraft:iron_chestplate":1,"minecraft:andesite":2,"minecraft:acacia_sapling":1,"minecraft:breeze_rod":2,"minecraft:spider_eye":7,"minecraft:beef":4,"minecraft:brick":16}},"DataVersion":3953}