{"stats":{"minecraft:dropped":{"minecraft:wheat_seeds":11,"minecraft:diamond":1,"minecraft:dripstone_block":1,"minecraft:cobblestone":3,"minecraft:leather":2,"minecraft:granite":1,"minecraft:red_carpet":1,"minecraft:dirt":2,"minecraft:mutton":2,"minecraft:gold_nugget":8,"minecraft:bone_block":2,"minecraft:iron_axe":1,"minecraft:dark_oak_planks":1,"minecraft:string":2,"minecraft:tripwire_hook":2,"minecraft:white_wool":1,"minecraft:music_disc_cat":1,"minecraft:bone":6,"minecraft:gunpowder":4,"minecraft:diamond_pickaxe":1,"minecraft:miner_pottery_sherd":1,"minecraft:spider_eye":1,"minecraft:brown_carpet":2,"minecraft:arrow":6,"minecraft:brick":35},"minecraft:crafted":{"minecraft:furnace":1,"minecraft:diamond_shovel":1,"minecraft:iron_axe":1,"minecraft:dark_oak_planks":832,"minecraft:cooked_beef":1,"minecraft:diamond_sword":1,"minecraft:cooked_porkchop":1,"minecraft:diamond_axe":1,"minecraft:crafting_table":2,"minecraft:air":0,"minecraft:diamond_pickaxe":1,"minecraft:shield":3,"minecraft:stick":4,"minecraft:iron_ingot":15},"minecraft:used":{"minecraft:chest":5,"minecraft:shield":35,"minecraft:rotten_flesh":3,"minecraft:dirt":4,"minecraft:diamond_helmet":1,"minecraft:dark_oak_planks":47,"minecraft:iron_axe":103,"minecraft:barrel":4,"minecraft:diamond_chestplate":1,"minecraft:emerald_block":1,"minecraft:furnace":1,"minecraft:cooked_beef":1,"minecraft:cobbled_deepslate":39,"minecraft:enchanted_golden_apple":1,"minecraft:dark_oak_sapling":27,"minecraft:diorite":1,"minecraft:diamond_boots":1,"minecraft:diamond_axe":1,"minecraft:golden_apple":1,"minecraft:rail":1,"minecraft:tnt":3,"minecraft:crafting_table":9,"minecraft:diamond_pickaxe":866,"minecraft:apple":36,"minecraft:diamond_shovel":545,"minecraft:diamond_sword":75,"minecraft:cobblestone":27,"minecraft:cooked_porkchop":1,"minecraft:chest_minecart":1,"minecraft:diamond_leggings":1},"minecraft:killed":{"minecraft:spider":4,"minecraft:skeleton":8,"minecraft:silverfish":2,"minecraft:pig":1,"minecraft:zombie_villager":1,"minecraft:creeper":1,"minecraft:sheep":1,"minecraft:zombie":20,"minecraft:cow":1},"minecraft:custom":{"minecraft:mob_kills":39,"minecraft:interact_with_anvil":1,"minecraft:interact_with_crafting_table":20,"minecraft:open_barrel":15,"minecraft:leave_game":3,"minecraft:time_since_death":34215,"minecraft:climb_one_cm":5077,"minecraft:damage_resisted":16,"minecraft:sprint_one_cm":302887,"minecraft:walk_one_cm":267873,"minecraft:damage_blocked_by_shield":1111,"minecraft:drop":35,"minecraft:play_time":92808,"minecraft:deaths":2,"minecraft:sneak_time":1372,"minecraft:walk_under_water_one_cm":1360,"minecraft:jump":1506,"minecraft:walk_on_water_one_cm":9578,"minecraft:total_world_time":92808,"minecraft:interact_with_furnace":6,"minecraft:sleep_in_bed":1,"minecraft:time_since_rest":34243,"minecraft:damage_taken":1717,"minecraft:damage_absorbed":49,"minecraft:damage_dealt":6658,"minecraft:swim_one_cm":9617,"minecraft:fly_one_cm":304798,"minecraft:open_chest":85,"minecraft:crouch_one_cm":2841,"minecraft:fall_one_cm":44014,"minecraft:inspect_dispenser":1},"minecraft:broken":{"minecraft:diamond_helmet":1,"minecraft:diamond_boots":1,"minecraft:iron_axe":1},"minecraft:killed_by":{"minecraft:zombie_villager":1},"minecraft:mined":{"minecraft:dark_oak_planks":7,"minecraft:tuff":4,"minecraft:deepslate_diamond_ore":2,"minecraft:granite":1,"minecraft:grass_block":208,"minecraft:decorated_pot":18,"minecraft:infested_chiseled_stone_bricks":1,"minecraft:brown_banner":1,"minecraft:fire":2,"minecraft:sticky_piston":5,"minecraft:barrel":3,"minecraft:dirt_path":1,"minecraft:stone":729,"minecraft:brown_carpet":1,"minecraft:observer":3,"minecraft:dandelion":1,"minecraft:oak_fence":1,"minecraft:crafting_table":7,"minecraft:short_grass":18,"minecraft:chest":5,"minecraft:tall_grass":22,"minecraft:cobblestone":3,"minecraft:slime_block":7,"minecraft:oak_planks":1,"minecraft:diorite":1,"minecraft:tnt":2,"minecraft:white_wall_banner":1,"minecraft:coal_ore":5,"minecraft:dark_oak_sapling":9,"minecraft:gravel":50,"minecraft:dripstone_block":1,"minecraft:dirt":284,"minecraft:tripwire_hook":2,"minecraft:oak_leaves":2,"minecraft:deepslate":41},"minecraft:picked_up":{"minecraft:crafting_table":7,"minecraft:chest_minecart":1,"minecraft:oak_stairs":3,"minecraft:enchanted_book":1,"minecraft:brick":35,"minecraft:music_disc_cat":1,"minecraft:string":2,"minecraft:iron_axe":1,"minecraft:sticky_piston":8,"minecraft:experience_bottle":6,"minecraft:diamond_leggings":1,"minecraft:cobbled_deepslate":40,"minecraft:beef":4,"minecraft:observer":5,"minecraft:chest":9,"minecraft:dark_oak_sapling":28,"minecraft:stick":27,"minecraft:torch":1,"minecraft:porkchop":1,"minecraft:diorite":1,"minecraft:redstone":5,"minecraft:dark_oak_planks":68,"minecraft:brown_carpet":2,"minecraft:tnt":6,"minecraft:diamond_chestplate":1,"minecraft:rotten_flesh":17,"minecraft:arrow":11,"minecraft:decorated_pot":1,"minecraft:diamond_boots":1,"minecraft:mutton":3,"minecraft:cobblestone":713,"minecraft:rail":10,"minecraft:bone_block":4,"minecraft:white_wool":1,"minecraft:emerald_ore":5,"minecraft:tripwire_hook":2,"minecraft:leather":2,"minecraft:music_disc_stal":1,"minecraft:tuff":4,"minecraft:gunpowder":4,"minecraft:dirt":502,"minecraft:white_banner":2,"minecraft:name_tag":1,"minecraft:red_carpet":1,"minecraft:bone":8,"minecraft:apple":4,"minecraft:wheat_seeds":11,"minecraft:raw_gold":11,"minecraft:iron_ingot":9,"minecraft:diamond_helmet":1,"minecraft:oak_planks":3,"minecraft:emerald_block":1,"minecraft:dandelion":6,"minecraft:dripstone_block":1,"minecraft:barrel":5,"minecraft:dark_oak_log":318,"minecraft:spider_eye":3,"minecraft:music_disc_mall":2,"minecraft:diamond":10,"minecraft:slime_block":5,"minecraft:miner_pottery_sherd":1,"minecraft:granite":1,"minecraft:emerald":147,"minecraft:brown_banner":1,"minecraft:coal":62,"minecraft:diamond_pickaxe":2}},"DataVersion":3953}