{"stats":{"minecraft:dropped":{"minecraft:wheat_seeds":12,"minecraft:diamond":1,"minecraft:dripstone_block":1,"minecraft:cobblestone":3,"minecraft:leather":2,"minecraft:granite":1,"minecraft:rail":3,"minecraft:red_carpet":1,"minecraft:dirt":66,"minecraft:mutton":2,"minecraft:gold_nugget":8,"minecraft:bone_block":2,"minecraft:iron_axe":1,"minecraft:dark_oak_planks":1,"minecraft:string":2,"minecraft:tripwire_hook":2,"minecraft:white_wool":1,"minecraft:music_disc_cat":1,"minecraft:dandelion":6,"minecraft:bone":6,"minecraft:blue_terracotta":2,"minecraft:rotten_flesh":1,"minecraft:gunpowder":4,"minecraft:diamond_pickaxe":1,"minecraft:stone_brick_wall":5,"minecraft:miner_pottery_sherd":1,"minecraft:spider_eye":3,"minecraft:brown_carpet":2,"minecraft:arrow":9,"minecraft:brick":35},"minecraft:crafted":{"minecraft:stone_brick_wall":54,"minecraft:player_head":2,"minecraft:furnace":2,"minecraft:stone":192,"minecraft:diamond_shovel":1,"minecraft:glass_pane":32,"minecraft:glass":63,"minecraft:iron_axe":1,"minecraft:dark_oak_planks":832,"minecraft:stone_bricks":192,"minecraft:cooked_beef":3,"minecraft:diamond_sword":1,"minecraft:cooked_porkchop":8,"minecraft:diamond_axe":1,"minecraft:crafting_table":2,"minecraft:air":0,"minecraft:stone_brick_stairs":24,"minecraft:dark_oak_slab":126,"minecraft:diamond_pickaxe":1,"minecraft:shield":3,"minecraft:stick":4,"minecraft:iron_ingot":15},"minecraft:used":{"minecraft:chest":5,"minecraft:shield":37,"minecraft:player_head":3,"minecraft:rotten_flesh":3,"minecraft:orange_bed":1,"minecraft:dirt":251,"minecraft:diamond_helmet":1,"minecraft:glass":3,"minecraft:dark_oak_planks":47,"minecraft:iron_axe":103,"minecraft:dark_oak_slab":31,"minecraft:stone_bricks":7,"minecraft:stone_brick_stairs":25,"minecraft:barrel":4,"minecraft:diamond_chestplate":1,"minecraft:emerald_block":1,"minecraft:furnace":1,"minecraft:cooked_beef":4,"minecraft:cobbled_deepslate":39,"minecraft:enchanted_golden_apple":1,"minecraft:dark_oak_sapling":27,"minecraft:diorite":1,"minecraft:diamond_boots":1,"minecraft:sandstone":4,"minecraft:diamond_axe":16,"minecraft:golden_apple":1,"minecraft:rail":1,"minecraft:tnt":3,"minecraft:crafting_table":9,"minecraft:stone_brick_wall":61,"minecraft:diamond_pickaxe":1172,"minecraft:apple":37,"minecraft:diamond_shovel":720,"minecraft:dark_oak_log":126,"minecraft:gravel":16,"minecraft:diamond_sword":103,"minecraft:cobblestone":27,"minecraft:cooked_porkchop":5,"minecraft:glass_pane":21,"minecraft:chest_minecart":1,"minecraft:diamond_leggings":1},"minecraft:killed":{"minecraft:spider":4,"minecraft:skeleton":9,"minecraft:silverfish":2,"minecraft:pig":5,"minecraft:zombie_villager":1,"minecraft:creeper":2,"minecraft:sheep":1,"minecraft:zombie":22,"minecraft:cow":2},"minecraft:custom":{"minecraft:mob_kills":48,"minecraft:interact_with_anvil":1,"minecraft:interact_with_crafting_table":43,"minecraft:open_barrel":16,"minecraft:leave_game":3,"minecraft:time_since_death":11296,"minecraft:climb_one_cm":5077,"minecraft:damage_resisted":16,"minecraft:sprint_one_cm":416557,"minecraft:walk_one_cm":413961,"minecraft:damage_blocked_by_shield":1171,"minecraft:drop":48,"minecraft:play_time":140808,"minecraft:deaths":3,"minecraft:sneak_time":1797,"minecraft:walk_under_water_one_cm":1360,"minecraft:jump":2305,"minecraft:walk_on_water_one_cm":9578,"minecraft:total_world_time":140808,"minecraft:interact_with_furnace":28,"minecraft:interact_with_cartography_table":1,"minecraft:sleep_in_bed":3,"minecraft:time_since_rest":4017,"minecraft:damage_taken":2165,"minecraft:damage_absorbed":49,"minecraft:trigger_trapped_chest":1,"minecraft:damage_dealt":7959,"minecraft:swim_one_cm":9617,"minecraft:fly_one_cm":489726,"minecraft:open_chest":101,"minecraft:crouch_one_cm":3432,"minecraft:fall_one_cm":65768,"minecraft:inspect_dispenser":1},"minecraft:broken":{"minecraft:diamond_helmet":1,"minecraft:diamond_boots":1,"minecraft:iron_axe":1},"minecraft:killed_by":{"minecraft:zombie_villager":1},"minecraft:mined":{"minecraft:dark_oak_planks":7,"minecraft:tuff":4,"minecraft:deepslate_diamond_ore":2,"minecraft:dark_oak_log":8,"minecraft:granite":1,"minecraft:stone_brick_wall":8,"minecraft:grass_block":259,"minecraft:decorated_pot":18,"minecraft:infested_chiseled_stone_bricks":1,"minecraft:brown_banner":1,"minecraft:sandstone":23,"minecraft:furnace":2,"minecraft:fire":2,"minecraft:sticky_piston":5,"minecraft:barrel":3,"minecraft:chiseled_sandstone":1,"minecraft:dirt_path":1,"minecraft:stone":976,"minecraft:cut_sandstone":1,"minecraft:brown_carpet":1,"minecraft:orange_terracotta":1,"minecraft:observer":3,"minecraft:dandelion":1,"minecraft:oak_fence":1,"minecraft:crafting_table":7,"minecraft:short_grass":29,"minecraft:chest":5,"minecraft:campfire":2,"minecraft:tall_grass":24,"minecraft:cobblestone":3,"minecraft:slime_block":7,"minecraft:oak_planks":1,"minecraft:diorite":3,"minecraft:blue_terracotta":2,"minecraft:dark_oak_slab":1,"minecraft:stone_brick_stairs":4,"minecraft:tnt":2,"minecraft:white_wall_banner":1,"minecraft:coal_ore":5,"minecraft:dark_oak_sapling":9,"minecraft:sand":64,"minecraft:gravel":82,"minecraft:dripstone_block":1,"minecraft:dirt":371,"minecraft:tripwire_hook":2,"minecraft:stone_bricks":1,"minecraft:oak_leaves":2,"minecraft:deepslate":41},"minecraft:picked_up":{"minecraft:charcoal":4,"minecraft:crafting_table":7,"minecraft:chest_minecart":1,"minecraft:oak_stairs":3,"minecraft:stone_brick_wall":13,"minecraft:enchanted_book":1,"minecraft:stone_brick_stairs":4,"minecraft:brick":35,"minecraft:music_disc_cat":1,"minecraft:string":2,"minecraft:iron_axe":1,"minecraft:sticky_piston":8,"minecraft:experience_bottle":6,"minecraft:diamond_leggings":1,"minecraft:cobbled_deepslate":40,"minecraft:beef":6,"minecraft:player_head":1,"minecraft:observer":5,"minecraft:chest":9,"minecraft:furnace":1,"minecraft:dark_oak_sapling":40,"minecraft:sandstone":21,"minecraft:stick":34,"minecraft:torch":1,"minecraft:porkchop":8,"minecraft:diorite":1,"minecraft:redstone":5,"minecraft:dark_oak_planks":68,"minecraft:brown_carpet":2,"minecraft:orange_bed":1,"minecraft:tnt":6,"minecraft:diamond_chestplate":1,"minecraft:rotten_flesh":21,"minecraft:arrow":11,"minecraft:decorated_pot":1,"minecraft:diamond_boots":1,"minecraft:mutton":3,"minecraft:cobblestone":971,"minecraft:rail":10,"minecraft:bone_block":4,"minecraft:white_wool":1,"minecraft:emerald_ore":5,"minecraft:cooked_beef":1,"minecraft:tripwire_hook":2,"minecraft:leather":2,"minecraft:music_disc_stal":1,"minecraft:flint":3,"minecraft:tuff":4,"minecraft:gunpowder":6,"minecraft:dirt":634,"minecraft:white_banner":2,"minecraft:name_tag":1,"minecraft:red_carpet":1,"minecraft:bone":8,"minecraft:stone_bricks":1,"minecraft:apple":5,"minecraft:wheat_seeds":12,"minecraft:raw_gold":11,"minecraft:iron_ingot":9,"minecraft:rabbit":2,"minecraft:diamond_helmet":1,"minecraft:oak_planks":3,"minecraft:dark_oak_slab":2,"minecraft:emerald_block":1,"minecraft:dandelion":7,"minecraft:dripstone_block":1,"minecraft:gravel":23,"minecraft:sand":63,"minecraft:barrel":5,"minecraft:dark_oak_log":446,"minecraft:spider_eye":3,"minecraft:music_disc_mall":2,"minecraft:blue_terracotta":2,"minecraft:diamond":10,"minecraft:slime_block":5,"minecraft:miner_pottery_sherd":1,"minecraft:granite":1,"minecraft:emerald":147,"minecraft:brown_banner":1,"minecraft:coal":94,"minecraft:diamond_pickaxe":2}},"DataVersion":3953}