{"stats":{"minecraft:dropped":{"minecraft:wheat_seeds":1,"minecraft:diamond":1,"minecraft:cobblestone":3,"minecraft:leather":2,"minecraft:dirt":1,"minecraft:mutton":2,"minecraft:iron_axe":1,"minecraft:miner_pottery_sherd":1,"minecraft:gold_nugget":8,"minecraft:brown_carpet":1,"minecraft:bone_block":2,"minecraft:dark_oak_planks":1,"minecraft:tripwire_hook":2,"minecraft:white_wool":1,"minecraft:music_disc_cat":1,"minecraft:brick":35},"minecraft:crafted":{"minecraft:diamond_sword":1,"minecraft:crafting_table":2,"minecraft:diamond_pickaxe":1,"minecraft:shield":3,"minecraft:iron_axe":1,"minecraft:stick":4,"minecraft:iron_ingot":15,"minecraft:dark_oak_planks":832},"minecraft:used":{"minecraft:diamond_boots":1,"minecraft:chest":5,"minecraft:shield":1,"minecraft:golden_apple":1,"minecraft:dirt":2,"minecraft:crafting_table":9,"minecraft:diamond_helmet":1,"minecraft:dark_oak_planks":47,"minecraft:diamond_pickaxe":106,"minecraft:apple":34,"minecraft:iron_axe":103,"minecraft:diamond_sword":24,"minecraft:barrel":4,"minecraft:diamond_chestplate":1,"minecraft:cobblestone":24,"minecraft:emerald_block":1,"minecraft:dark_oak_sapling":16,"minecraft:diamond_leggings":1},"minecraft:killed":{"minecraft:zombie_villager":1,"minecraft:creeper":1,"minecraft:sheep":1,"minecraft:skeleton":2,"minecraft:zombie":15,"minecraft:silverfish":2,"minecraft:cow":1},"minecraft:custom":{"minecraft:interact_with_furnace":2,"minecraft:interact_with_anvil":1,"minecraft:mob_kills":23,"minecraft:interact_with_crafting_table":17,"minecraft:open_barrel":15,"minecraft:leave_game":1,"minecraft:time_since_death":51699,"minecraft:climb_one_cm":5077,"minecraft:sleep_in_bed":1,"minecraft:time_since_rest":43702,"minecraft:damage_absorbed":41,"minecraft:sprint_one_cm":171718,"minecraft:damage_taken":945,"minecraft:walk_one_cm":84779,"minecraft:damage_blocked_by_shield":30,"minecraft:drop":18,"minecraft:damage_dealt":3734,"minecraft:swim_one_cm":9023,"minecraft:fly_one_cm":175285,"minecraft:open_chest":59,"minecraft:crouch_one_cm":2553,"minecraft:play_time":51699,"minecraft:sneak_time":1019,"minecraft:walk_under_water_one_cm":1236,"minecraft:jump":812,"minecraft:inspect_dispenser":1,"minecraft:walk_on_water_one_cm":4038,"minecraft:fall_one_cm":19202,"minecraft:total_world_time":51699},"minecraft:broken":{"minecraft:diamond_helmet":1,"minecraft:iron_axe":1},"minecraft:mined":{"minecraft:dark_oak_planks":7,"minecraft:brown_carpet":1,"minecraft:observer":3,"minecraft:oak_fence":1,"minecraft:crafting_table":7,"minecraft:short_grass":12,"minecraft:grass_block":1,"minecraft:decorated_pot":18,"minecraft:chest":5,"minecraft:tall_grass":20,"minecraft:slime_block":7,"minecraft:brown_banner":1,"minecraft:infested_chiseled_stone_bricks":1,"minecraft:fire":2,"minecraft:sticky_piston":5,"minecraft:barrel":3,"minecraft:tnt":2,"minecraft:white_wall_banner":1,"minecraft:coal_ore":1,"minecraft:dark_oak_sapling":6,"minecraft:dirt":2,"minecraft:tripwire_hook":2,"minecraft:stone":29,"minecraft:oak_leaves":2,"minecraft:deepslate":1},"minecraft:picked_up":{"minecraft:crafting_table":7,"minecraft:tripwire_hook":2,"minecraft:chest_minecart":1,"minecraft:leather":2,"minecraft:music_disc_stal":1,"minecraft:oak_stairs":3,"minecraft:enchanted_book":1,"minecraft:brick":35,"minecraft:music_disc_cat":1,"minecraft:dirt":4,"minecraft:white_banner":2,"minecraft:iron_axe":1,"minecraft:name_tag":1,"minecraft:sticky_piston":8,"minecraft:experience_bottle":6,"minecraft:apple":2,"minecraft:wheat_seeds":1,"minecraft:diamond_leggings":1,"minecraft:raw_gold":11,"minecraft:iron_ingot":9,"minecraft:beef":4,"minecraft:observer":5,"minecraft:diamond_helmet":1,"minecraft:chest":9,"minecraft:dark_oak_sapling":16,"minecraft:stick":21,"minecraft:emerald_block":1,"minecraft:torch":1,"minecraft:redstone":5,"minecraft:dark_oak_log":208,"minecraft:barrel":5,"minecraft:dark_oak_planks":68,"minecraft:brown_carpet":2,"minecraft:tnt":6,"minecraft:music_disc_mall":2,"minecraft:arrow":2,"minecraft:rotten_flesh":13,"minecraft:diamond_chestplate":1,"minecraft:slime_block":5,"minecraft:diamond":6,"minecraft:decorated_pot":1,"minecraft:miner_pottery_sherd":1,"minecraft:diamond_boots":1,"minecraft:emerald":147,"minecraft:cobblestone":27,"minecraft:bone_block":4,"minecraft:brown_banner":1,"minecraft:mutton":3,"minecraft:coal":12,"minecraft:rail":10,"minecraft:white_wool":1,"minecraft:emerald_ore":5,"minecraft:diamond_pickaxe":1}},"DataVersion":3953}