{"stats":{"minecraft:dropped":{"minecraft:wheat_seeds":1,"minecraft:diamond":1,"minecraft:dripstone_block":1,"minecraft:cobblestone":3,"minecraft:leather":2,"minecraft:red_carpet":1,"minecraft:dirt":2,"minecraft:mutton":2,"minecraft:arrow":6,"minecraft:iron_axe":1,"minecraft:miner_pottery_sherd":1,"minecraft:gold_nugget":8,"minecraft:brown_carpet":2,"minecraft:bone_block":2,"minecraft:bone":2,"minecraft:dark_oak_planks":1,"minecraft:tripwire_hook":2,"minecraft:white_wool":1,"minecraft:music_disc_cat":1,"minecraft:brick":35},"minecraft:crafted":{"minecraft:diamond_sword":1,"minecraft:crafting_table":2,"minecraft:diamond_pickaxe":1,"minecraft:shield":3,"minecraft:iron_axe":1,"minecraft:stick":4,"minecraft:iron_ingot":15,"minecraft:dark_oak_planks":832},"minecraft:used":{"minecraft:diamond_boots":1,"minecraft:chest":5,"minecraft:shield":18,"minecraft:golden_apple":1,"minecraft:dirt":2,"minecraft:rail":1,"minecraft:tnt":3,"minecraft:crafting_table":9,"minecraft:diamond_helmet":1,"minecraft:dark_oak_planks":47,"minecraft:diamond_pickaxe":142,"minecraft:apple":34,"minecraft:iron_axe":103,"minecraft:diamond_sword":42,"minecraft:barrel":4,"minecraft:diamond_chestplate":1,"minecraft:cobblestone":27,"minecraft:emerald_block":1,"minecraft:enchanted_golden_apple":1,"minecraft:chest_minecart":1,"minecraft:dark_oak_sapling":18,"minecraft:diamond_leggings":1},"minecraft:killed":{"minecraft:zombie_villager":1,"minecraft:creeper":1,"minecraft:sheep":1,"minecraft:skeleton":7,"minecraft:zombie":16,"minecraft:silverfish":2,"minecraft:cow":1},"minecraft:custom":{"minecraft:interact_with_furnace":2,"minecraft:interact_with_anvil":1,"minecraft:mob_kills":29,"minecraft:interact_with_crafting_table":17,"minecraft:open_barrel":15,"minecraft:leave_game":1,"minecraft:damage_resisted":2,"minecraft:time_since_death":5106,"minecraft:climb_one_cm":5077,"minecraft:sleep_in_bed":1,"minecraft:time_since_rest":5134,"minecraft:damage_absorbed":49,"minecraft:sprint_one_cm":235390,"minecraft:damage_taken":1478,"minecraft:walk_one_cm":103229,"minecraft:damage_blocked_by_shield":641,"minecraft:drop":25,"minecraft:damage_dealt":4888,"minecraft:deaths":2,"minecraft:swim_one_cm":9023,"minecraft:fly_one_cm":256658,"minecraft:open_chest":81,"minecraft:crouch_one_cm":2554,"minecraft:play_time":63699,"minecraft:sneak_time":1157,"minecraft:walk_under_water_one_cm":1236,"minecraft:jump":1166,"minecraft:inspect_dispenser":1,"minecraft:walk_on_water_one_cm":8122,"minecraft:fall_one_cm":38191,"minecraft:total_world_time":63699},"minecraft:broken":{"minecraft:diamond_boots":1,"minecraft:diamond_helmet":1,"minecraft:iron_axe":1},"minecraft:killed_by":{"minecraft:zombie_villager":1},"minecraft:mined":{"minecraft:dark_oak_planks":7,"minecraft:tuff":4,"minecraft:brown_carpet":1,"minecraft:observer":3,"minecraft:oak_fence":1,"minecraft:crafting_table":7,"minecraft:granite":1,"minecraft:short_grass":12,"minecraft:grass_block":2,"minecraft:decorated_pot":18,"minecraft:chest":5,"minecraft:tall_grass":21,"minecraft:slime_block":7,"minecraft:brown_banner":1,"minecraft:infested_chiseled_stone_bricks":1,"minecraft:diorite":1,"minecraft:fire":2,"minecraft:sticky_piston":5,"minecraft:barrel":3,"minecraft:tnt":2,"minecraft:white_wall_banner":1,"minecraft:coal_ore":2,"minecraft:dark_oak_sapling":8,"minecraft:dripstone_block":1,"minecraft:dirt":2,"minecraft:tripwire_hook":2,"minecraft:stone":32,"minecraft:oak_leaves":2,"minecraft:deepslate":25},"minecraft:picked_up":{"minecraft:crafting_table":7,"minecraft:tripwire_hook":2,"minecraft:chest_minecart":1,"minecraft:leather":2,"minecraft:music_disc_stal":1,"minecraft:oak_stairs":3,"minecraft:enchanted_book":1,"minecraft:tuff":4,"minecraft:brick":35,"minecraft:music_disc_cat":1,"minecraft:dirt":4,"minecraft:white_banner":2,"minecraft:iron_axe":1,"minecraft:name_tag":1,"minecraft:red_carpet":1,"minecraft:sticky_piston":8,"minecraft:bone":4,"minecraft:experience_bottle":6,"minecraft:apple":2,"minecraft:wheat_seeds":1,"minecraft:diamond_leggings":1,"minecraft:cobbled_deepslate":20,"minecraft:raw_gold":11,"minecraft:iron_ingot":9,"minecraft:beef":4,"minecraft:observer":5,"minecraft:diamond_helmet":1,"minecraft:chest":9,"minecraft:dark_oak_sapling":18,"minecraft:stick":21,"minecraft:emerald_block":1,"minecraft:torch":1,"minecraft:dripstone_block":1,"minecraft:diorite":1,"minecraft:redstone":5,"minecraft:dark_oak_log":208,"minecraft:barrel":5,"minecraft:dark_oak_planks":68,"minecraft:brown_carpet":2,"minecraft:tnt":6,"minecraft:music_disc_mall":2,"minecraft:arrow":10,"minecraft:rotten_flesh":13,"minecraft:diamond_chestplate":1,"minecraft:slime_block":5,"minecraft:diamond":6,"minecraft:decorated_pot":1,"minecraft:miner_pottery_sherd":1,"minecraft:diamond_boots":1,"minecraft:granite":1,"minecraft:emerald":147,"minecraft:cobblestone":30,"minecraft:bone_block":4,"minecraft:brown_banner":1,"minecraft:mutton":3,"minecraft:coal":20,"minecraft:rail":10,"minecraft:white_wool":1,"minecraft:emerald_ore":5,"minecraft:diamond_pickaxe":1}},"DataVersion":3953}