{"stats":{"minecraft:picked_up":{"minecraft:raw_iron":34,"minecraft:quartz":37,"minecraft:redstone":99,"minecraft:lapis_lazuli":384,"minecraft:dirt":1,"minecraft:raw_copper":146,"minecraft:netherite_scrap":32,"minecraft:diamond":14,"minecraft:gold_nugget":107,"minecraft:raw_gold":45,"minecraft:emerald":44,"minecraft:diamond_pickaxe":2,"minecraft:coal":31,"minecraft:cobblestone":631},"minecraft:used":{"minecraft:diamond_pickaxe":15976},"minecraft:broken":{"minecraft:diamond_pickaxe":1},"minecraft:dropped":{"minecraft:dirt":1,"minecraft:lapis_lazuli":384,"minecraft:netherite_scrap":31,"minecraft:raw_copper":146,"minecraft:diamond":14,"minecraft:raw_iron":34,"minecraft:cobblestone":630,"minecraft:gold_nugget":107,"minecraft:raw_gold":45,"minecraft:quartz":37,"minecraft:coal":31,"minecraft:redstone":99,"minecraft:emerald":44},"minecraft:custom":{"minecraft:time_since_rest":547669,"minecraft:damage_taken":21509,"minecraft:walk_one_cm":1776,"minecraft:drop":1603,"minecraft:fly_one_cm":238,"minecraft:play_time":547669,"minecraft:time_since_death":547669,"minecraft:total_world_time":547669},"minecraft:mined":{"minecraft:nether_gold_ore":217,"minecraft:deepslate_redstone_ore":202,"minecraft:diamond_ore":222,"minecraft:redstone_ore":209,"minecraft:deepslate_diamond_ore":211,"minecraft:iron_ore":205,"minecraft:deepslate_lapis_ore":206,"minecraft:obsidian":1,"minecraft:emerald_ore":235,"minecraft:coal_ore":233,"minecraft:deepslate_iron_ore":232,"minecraft:dirt":17,"minecraft:nether_quartz_ore":226,"minecraft:copper_ore":199,"minecraft:cobblestone":11860,"minecraft:deepslate_coal_ore":204,"minecraft:lapis_ore":231,"minecraft:deepslate_gold_ore":209,"minecraft:ancient_debris":241,"minecraft:hopper":2,"minecraft:gold_ore":237,"minecraft:deepslate_emerald_ore":171,"minecraft:deepslate_copper_ore":206}},"DataVersion":3953}