{"stats":{"minecraft:picked_up":{"minecraft:raw_iron":34,"minecraft:quartz":37,"minecraft:redstone":99,"minecraft:lapis_lazuli":384,"minecraft:dirt":1,"minecraft:raw_copper":146,"minecraft:netherite_scrap":32,"minecraft:diamond":14,"minecraft:gold_nugget":107,"minecraft:raw_gold":45,"minecraft:emerald":44,"minecraft:diamond_pickaxe":2,"minecraft:coal":31,"minecraft:cobblestone":631},"minecraft:used":{"minecraft:diamond_pickaxe":17175},"minecraft:broken":{"minecraft:diamond_pickaxe":1},"minecraft:dropped":{"minecraft:dirt":1,"minecraft:lapis_lazuli":384,"minecraft:netherite_scrap":31,"minecraft:raw_copper":146,"minecraft:diamond":14,"minecraft:raw_iron":34,"minecraft:cobblestone":630,"minecraft:gold_nugget":107,"minecraft:raw_gold":45,"minecraft:quartz":37,"minecraft:coal":31,"minecraft:redstone":99,"minecraft:emerald":44},"minecraft:custom":{"minecraft:time_since_rest":583669,"minecraft:damage_taken":21509,"minecraft:walk_one_cm":1776,"minecraft:drop":1603,"minecraft:fly_one_cm":238,"minecraft:play_time":583669,"minecraft:time_since_death":583669,"minecraft:total_world_time":583669},"minecraft:mined":{"minecraft:nether_gold_ore":230,"minecraft:deepslate_redstone_ore":222,"minecraft:diamond_ore":238,"minecraft:redstone_ore":225,"minecraft:deepslate_diamond_ore":224,"minecraft:iron_ore":223,"minecraft:deepslate_lapis_ore":219,"minecraft:obsidian":1,"minecraft:emerald_ore":257,"minecraft:coal_ore":246,"minecraft:deepslate_iron_ore":246,"minecraft:dirt":17,"minecraft:nether_quartz_ore":238,"minecraft:copper_ore":215,"minecraft:cobblestone":12774,"minecraft:deepslate_coal_ore":223,"minecraft:lapis_ore":241,"minecraft:deepslate_gold_ore":222,"minecraft:ancient_debris":255,"minecraft:hopper":2,"minecraft:gold_ore":252,"minecraft:deepslate_emerald_ore":185,"minecraft:deepslate_copper_ore":220}},"DataVersion":3953}