{"stats":{"minecraft:picked_up":{"minecraft:raw_iron":34,"minecraft:quartz":37,"minecraft:redstone":99,"minecraft:lapis_lazuli":384,"minecraft:dirt":3,"minecraft:raw_copper":146,"minecraft:netherite_scrap":32,"minecraft:diamond":14,"minecraft:gold_nugget":107,"minecraft:raw_gold":45,"minecraft:emerald":44,"minecraft:diamond_pickaxe":2,"minecraft:coal":31,"minecraft:cobblestone":631},"minecraft:used":{"minecraft:diamond_pickaxe":17921},"minecraft:broken":{"minecraft:diamond_pickaxe":1},"minecraft:dropped":{"minecraft:dirt":1,"minecraft:lapis_lazuli":384,"minecraft:netherite_scrap":31,"minecraft:raw_copper":146,"minecraft:diamond":14,"minecraft:raw_iron":34,"minecraft:cobblestone":630,"minecraft:gold_nugget":107,"minecraft:raw_gold":45,"minecraft:quartz":37,"minecraft:coal":31,"minecraft:redstone":99,"minecraft:emerald":44},"minecraft:custom":{"minecraft:time_since_rest":619669,"minecraft:damage_taken":35169,"minecraft:walk_one_cm":1956,"minecraft:drop":1603,"minecraft:fly_one_cm":379,"minecraft:play_time":619669,"minecraft:walk_on_water_one_cm":61666,"minecraft:time_since_death":619669,"minecraft:total_world_time":619669},"minecraft:mined":{"minecraft:nether_gold_ore":240,"minecraft:deepslate_redstone_ore":229,"minecraft:diamond_ore":246,"minecraft:redstone_ore":233,"minecraft:deepslate_diamond_ore":233,"minecraft:iron_ore":237,"minecraft:deepslate_lapis_ore":227,"minecraft:obsidian":1,"minecraft:emerald_ore":265,"minecraft:coal_ore":255,"minecraft:deepslate_iron_ore":257,"minecraft:dirt":19,"minecraft:nether_quartz_ore":250,"minecraft:copper_ore":222,"minecraft:cobblestone":13333,"minecraft:deepslate_coal_ore":231,"minecraft:lapis_ore":254,"minecraft:deepslate_gold_ore":231,"minecraft:ancient_debris":267,"minecraft:hopper":2,"minecraft:gold_ore":260,"minecraft:deepslate_emerald_ore":198,"minecraft:deepslate_copper_ore":231}},"DataVersion":3953}