{"stats":{"minecraft:picked_up":{"minecraft:raw_iron":34,"minecraft:quartz":37,"minecraft:redstone":99,"minecraft:lapis_lazuli":384,"minecraft:dirt":1,"minecraft:raw_copper":146,"minecraft:netherite_scrap":32,"minecraft:diamond":14,"minecraft:gold_nugget":107,"minecraft:raw_gold":45,"minecraft:emerald":44,"minecraft:coal":31,"minecraft:cobblestone":631,"minecraft:diamond_pickaxe":2},"minecraft:used":{"minecraft:diamond_pickaxe":14268},"minecraft:broken":{"minecraft:diamond_pickaxe":1},"minecraft:dropped":{"minecraft:dirt":1,"minecraft:netherite_scrap":31,"minecraft:lapis_lazuli":384,"minecraft:raw_copper":146,"minecraft:diamond":14,"minecraft:raw_iron":34,"minecraft:cobblestone":630,"minecraft:gold_nugget":107,"minecraft:raw_gold":45,"minecraft:quartz":37,"minecraft:coal":31,"minecraft:emerald":44,"minecraft:redstone":99},"minecraft:mined":{"minecraft:nether_gold_ore":189,"minecraft:deepslate_redstone_ore":175,"minecraft:diamond_ore":198,"minecraft:redstone_ore":187,"minecraft:deepslate_diamond_ore":186,"minecraft:iron_ore":191,"minecraft:deepslate_lapis_ore":183,"minecraft:obsidian":1,"minecraft:emerald_ore":214,"minecraft:coal_ore":215,"minecraft:deepslate_iron_ore":208,"minecraft:dirt":17,"minecraft:nether_quartz_ore":206,"minecraft:copper_ore":176,"minecraft:cobblestone":10599,"minecraft:deepslate_coal_ore":178,"minecraft:lapis_ore":204,"minecraft:deepslate_gold_ore":186,"minecraft:ancient_debris":213,"minecraft:hopper":2,"minecraft:gold_ore":216,"minecraft:deepslate_emerald_ore":143,"minecraft:deepslate_copper_ore":181},"minecraft:custom":{"minecraft:time_since_rest":494755,"minecraft:damage_taken":21509,"minecraft:walk_one_cm":1640,"minecraft:drop":1603,"minecraft:fly_one_cm":238,"minecraft:play_time":494755,"minecraft:time_since_death":494755,"minecraft:total_world_time":494755}},"DataVersion":3953}