{"stats":{"minecraft:picked_up":{"minecraft:raw_iron":34,"minecraft:quartz":37,"minecraft:redstone":99,"minecraft:lapis_lazuli":384,"minecraft:dirt":5,"minecraft:raw_copper":146,"minecraft:netherite_scrap":32,"minecraft:diamond":14,"minecraft:gold_nugget":107,"minecraft:raw_gold":45,"minecraft:emerald":44,"minecraft:obsidian":1,"minecraft:diamond_pickaxe":2,"minecraft:coal":31,"minecraft:cobblestone":631},"minecraft:used":{"minecraft:diamond_pickaxe":19916},"minecraft:broken":{"minecraft:diamond_pickaxe":1},"minecraft:dropped":{"minecraft:dirt":1,"minecraft:lapis_lazuli":384,"minecraft:netherite_scrap":31,"minecraft:raw_copper":146,"minecraft:diamond":14,"minecraft:raw_iron":34,"minecraft:cobblestone":630,"minecraft:gold_nugget":107,"minecraft:raw_gold":45,"minecraft:quartz":37,"minecraft:coal":31,"minecraft:redstone":99,"minecraft:emerald":44},"minecraft:custom":{"minecraft:time_since_rest":685669,"minecraft:damage_taken":41269,"minecraft:walk_one_cm":1991,"minecraft:drop":1603,"minecraft:fly_one_cm":379,"minecraft:play_time":685669,"minecraft:walk_on_water_one_cm":89897,"minecraft:time_since_death":685669,"minecraft:total_world_time":685669},"minecraft:mined":{"minecraft:nether_gold_ore":263,"minecraft:deepslate_redstone_ore":257,"minecraft:diamond_ore":273,"minecraft:redstone_ore":262,"minecraft:deepslate_diamond_ore":253,"minecraft:iron_ore":268,"minecraft:deepslate_lapis_ore":247,"minecraft:obsidian":2,"minecraft:emerald_ore":294,"minecraft:coal_ore":286,"minecraft:deepslate_iron_ore":286,"minecraft:dirt":22,"minecraft:nether_quartz_ore":275,"minecraft:copper_ore":244,"minecraft:cobblestone":14825,"minecraft:deepslate_coal_ore":261,"minecraft:lapis_ore":276,"minecraft:deepslate_gold_ore":259,"minecraft:ancient_debris":284,"minecraft:hopper":2,"minecraft:gold_ore":298,"minecraft:deepslate_emerald_ore":219,"minecraft:deepslate_copper_ore":260}},"DataVersion":3953}