{"stats":{"minecraft:picked_up":{"minecraft:raw_iron":34,"minecraft:quartz":37,"minecraft:redstone":99,"minecraft:lapis_lazuli":384,"minecraft:dirt":1,"minecraft:raw_copper":146,"minecraft:netherite_scrap":32,"minecraft:diamond":14,"minecraft:gold_nugget":107,"minecraft:raw_gold":45,"minecraft:emerald":44,"minecraft:diamond_pickaxe":2,"minecraft:coal":31,"minecraft:cobblestone":631},"minecraft:used":{"minecraft:diamond_pickaxe":15575},"minecraft:broken":{"minecraft:diamond_pickaxe":1},"minecraft:dropped":{"minecraft:dirt":1,"minecraft:lapis_lazuli":384,"minecraft:netherite_scrap":31,"minecraft:raw_copper":146,"minecraft:diamond":14,"minecraft:raw_iron":34,"minecraft:cobblestone":630,"minecraft:gold_nugget":107,"minecraft:raw_gold":45,"minecraft:quartz":37,"minecraft:coal":31,"minecraft:redstone":99,"minecraft:emerald":44},"minecraft:custom":{"minecraft:time_since_rest":535669,"minecraft:damage_taken":21509,"minecraft:walk_one_cm":1776,"minecraft:drop":1603,"minecraft:fly_one_cm":238,"minecraft:play_time":535669,"minecraft:time_since_death":535669,"minecraft:total_world_time":535669},"minecraft:mined":{"minecraft:nether_gold_ore":210,"minecraft:deepslate_redstone_ore":198,"minecraft:diamond_ore":213,"minecraft:redstone_ore":202,"minecraft:deepslate_diamond_ore":209,"minecraft:iron_ore":204,"minecraft:deepslate_lapis_ore":200,"minecraft:obsidian":1,"minecraft:emerald_ore":231,"minecraft:coal_ore":227,"minecraft:deepslate_iron_ore":228,"minecraft:dirt":17,"minecraft:nether_quartz_ore":225,"minecraft:copper_ore":194,"minecraft:cobblestone":11560,"minecraft:deepslate_coal_ore":194,"minecraft:lapis_ore":224,"minecraft:deepslate_gold_ore":200,"minecraft:ancient_debris":236,"minecraft:hopper":2,"minecraft:gold_ore":234,"minecraft:deepslate_emerald_ore":163,"minecraft:deepslate_copper_ore":203}},"DataVersion":3953}