{"stats":{"minecraft:picked_up":{"minecraft:raw_iron":34,"minecraft:quartz":37,"minecraft:redstone":99,"minecraft:lapis_lazuli":384,"minecraft:dirt":5,"minecraft:raw_copper":146,"minecraft:netherite_scrap":32,"minecraft:diamond":14,"minecraft:gold_nugget":107,"minecraft:raw_gold":45,"minecraft:emerald":44,"minecraft:obsidian":1,"minecraft:diamond_pickaxe":2,"minecraft:coal":31,"minecraft:cobblestone":631},"minecraft:used":{"minecraft:diamond_pickaxe":23224},"minecraft:broken":{"minecraft:diamond_pickaxe":1},"minecraft:killed_by":{"minecraft:skeleton":1},"minecraft:dropped":{"minecraft:dirt":1,"minecraft:lapis_lazuli":384,"minecraft:netherite_scrap":31,"minecraft:raw_copper":146,"minecraft:diamond":14,"minecraft:raw_iron":34,"minecraft:cobblestone":630,"minecraft:gold_nugget":107,"minecraft:raw_gold":45,"minecraft:quartz":37,"minecraft:coal":31,"minecraft:redstone":99,"minecraft:emerald":44},"minecraft:custom":{"minecraft:time_since_rest":1,"minecraft:damage_taken":41624,"minecraft:walk_one_cm":2155,"minecraft:drop":1603,"minecraft:fly_one_cm":459,"minecraft:play_time":784949,"minecraft:deaths":1,"minecraft:leave_game":1,"minecraft:walk_on_water_one_cm":89897,"minecraft:time_since_death":1,"minecraft:total_world_time":784949},"minecraft:mined":{"minecraft:nether_gold_ore":291,"minecraft:deepslate_redstone_ore":312,"minecraft:diamond_ore":312,"minecraft:redstone_ore":309,"minecraft:deepslate_diamond_ore":299,"minecraft:iron_ore":303,"minecraft:deepslate_lapis_ore":294,"minecraft:obsidian":4,"minecraft:emerald_ore":327,"minecraft:coal_ore":328,"minecraft:deepslate_iron_ore":338,"minecraft:dirt":24,"minecraft:nether_quartz_ore":322,"minecraft:copper_ore":291,"minecraft:cobblestone":17304,"minecraft:deepslate_coal_ore":305,"minecraft:lapis_ore":318,"minecraft:deepslate_gold_ore":296,"minecraft:ancient_debris":325,"minecraft:hopper":2,"minecraft:gold_ore":348,"minecraft:deepslate_emerald_ore":271,"minecraft:deepslate_copper_ore":301}},"DataVersion":3953}