{"stats":{"minecraft:picked_up":{"minecraft:raw_iron":34,"minecraft:quartz":37,"minecraft:redstone":99,"minecraft:lapis_lazuli":384,"minecraft:dirt":5,"minecraft:raw_copper":146,"minecraft:netherite_scrap":32,"minecraft:diamond":14,"minecraft:gold_nugget":107,"minecraft:raw_gold":45,"minecraft:emerald":44,"minecraft:obsidian":1,"minecraft:diamond_pickaxe":2,"minecraft:coal":31,"minecraft:cobblestone":631},"minecraft:used":{"minecraft:diamond_pickaxe":22316},"minecraft:broken":{"minecraft:diamond_pickaxe":1},"minecraft:dropped":{"minecraft:dirt":1,"minecraft:lapis_lazuli":384,"minecraft:netherite_scrap":31,"minecraft:raw_copper":146,"minecraft:diamond":14,"minecraft:raw_iron":34,"minecraft:cobblestone":630,"minecraft:gold_nugget":107,"minecraft:raw_gold":45,"minecraft:quartz":37,"minecraft:coal":31,"minecraft:redstone":99,"minecraft:emerald":44},"minecraft:custom":{"minecraft:time_since_rest":757669,"minecraft:damage_taken":41269,"minecraft:walk_one_cm":1991,"minecraft:drop":1603,"minecraft:fly_one_cm":379,"minecraft:play_time":757669,"minecraft:walk_on_water_one_cm":89897,"minecraft:time_since_death":757669,"minecraft:total_world_time":757669},"minecraft:mined":{"minecraft:nether_gold_ore":285,"minecraft:deepslate_redstone_ore":302,"minecraft:diamond_ore":305,"minecraft:redstone_ore":293,"minecraft:deepslate_diamond_ore":287,"minecraft:iron_ore":292,"minecraft:deepslate_lapis_ore":283,"minecraft:obsidian":2,"minecraft:emerald_ore":315,"minecraft:coal_ore":316,"minecraft:deepslate_iron_ore":323,"minecraft:dirt":22,"minecraft:nether_quartz_ore":315,"minecraft:copper_ore":277,"minecraft:cobblestone":16614,"minecraft:deepslate_coal_ore":291,"minecraft:lapis_ore":308,"minecraft:deepslate_gold_ore":288,"minecraft:ancient_debris":317,"minecraft:hopper":2,"minecraft:gold_ore":333,"minecraft:deepslate_emerald_ore":254,"minecraft:deepslate_copper_ore":292}},"DataVersion":3953}