{"stats":{"minecraft:picked_up":{"minecraft:raw_iron":34,"minecraft:quartz":37,"minecraft:redstone":99,"minecraft:lapis_lazuli":384,"minecraft:dirt":1,"minecraft:raw_copper":146,"minecraft:netherite_scrap":32,"minecraft:diamond":14,"minecraft:gold_nugget":107,"minecraft:raw_gold":45,"minecraft:emerald":44,"minecraft:diamond_pickaxe":2,"minecraft:coal":31,"minecraft:cobblestone":631},"minecraft:used":{"minecraft:diamond_pickaxe":16775},"minecraft:broken":{"minecraft:diamond_pickaxe":1},"minecraft:dropped":{"minecraft:dirt":1,"minecraft:lapis_lazuli":384,"minecraft:netherite_scrap":31,"minecraft:raw_copper":146,"minecraft:diamond":14,"minecraft:raw_iron":34,"minecraft:cobblestone":630,"minecraft:gold_nugget":107,"minecraft:raw_gold":45,"minecraft:quartz":37,"minecraft:coal":31,"minecraft:redstone":99,"minecraft:emerald":44},"minecraft:custom":{"minecraft:time_since_rest":571669,"minecraft:damage_taken":21509,"minecraft:walk_one_cm":1776,"minecraft:drop":1603,"minecraft:fly_one_cm":238,"minecraft:play_time":571669,"minecraft:time_since_death":571669,"minecraft:total_world_time":571669},"minecraft:mined":{"minecraft:nether_gold_ore":223,"minecraft:deepslate_redstone_ore":216,"minecraft:diamond_ore":230,"minecraft:redstone_ore":219,"minecraft:deepslate_diamond_ore":216,"minecraft:iron_ore":215,"minecraft:deepslate_lapis_ore":215,"minecraft:obsidian":1,"minecraft:emerald_ore":251,"minecraft:coal_ore":243,"minecraft:deepslate_iron_ore":240,"minecraft:dirt":17,"minecraft:nether_quartz_ore":230,"minecraft:copper_ore":210,"minecraft:cobblestone":12485,"minecraft:deepslate_coal_ore":214,"minecraft:lapis_ore":239,"minecraft:deepslate_gold_ore":219,"minecraft:ancient_debris":251,"minecraft:hopper":2,"minecraft:gold_ore":242,"minecraft:deepslate_emerald_ore":180,"minecraft:deepslate_copper_ore":217}},"DataVersion":3953}