{"stats":{"minecraft:dropped":{"minecraft:wheat_seeds":41,"minecraft:dripstone_block":2,"minecraft:feather":3,"minecraft:iron_helmet":1,"minecraft:cobblestone":2,"minecraft:flint":1,"minecraft:dirt":1,"minecraft:iron_leggings":1,"minecraft:gold_nugget":5,"minecraft:iron_pickaxe":1,"minecraft:stone_axe":1,"minecraft:cobbled_deepslate":46,"minecraft:tuff":3,"minecraft:pointed_dripstone":2,"minecraft:rotten_flesh":2,"minecraft:light_gray_wool":1,"minecraft:iron_boots":1,"minecraft:poppy":1,"minecraft:gunpowder":2,"minecraft:iron_chestplate":1,"minecraft:acacia_sapling":5,"minecraft:basalt":3,"minecraft:wooden_pickaxe":1,"minecraft:quartz":315,"minecraft:netherrack":25},"minecraft:crafted":{"minecraft:cooked_chicken":3,"minecraft:furnace":1,"minecraft:cooked_mutton":20,"minecraft:diamond_helmet":1,"minecraft:diamond_leggings":1,"minecraft:iron_boots":1,"minecraft:stone_pickaxe":1,"minecraft:diamond_boots":1,"minecraft:golden_boots":1,"minecraft:smoker":1,"minecraft:cooked_beef":2,"minecraft:coal_block":1,"minecraft:diamond_sword":1,"minecraft:cooked_porkchop":11,"minecraft:diamond_axe":1,"minecraft:crafting_table":2,"minecraft:jungle_boat":1,"minecraft:wooden_pickaxe":1,"minecraft:iron_helmet":1,"minecraft:bucket":1,"minecraft:stone_axe":1,"minecraft:bread":18,"minecraft:air":0,"minecraft:jungle_planks":36,"minecraft:iron_chestplate":1,"minecraft:diamond_pickaxe":1,"minecraft:shield":1,"minecraft:stick":12,"minecraft:iron_ingot":27,"minecraft:iron_pickaxe":1,"minecraft:iron_leggings":1,"minecraft:gold_ingot":5,"minecraft:white_bed":1,"minecraft:acacia_planks":56,"minecraft:diamond_chestplate":1},"minecraft:used":{"minecraft:shield":11,"minecraft:cooked_chicken":3,"minecraft:netherrack":49,"minecraft:iron_chestplate":1,"minecraft:torch":1,"minecraft:dirt":2,"minecraft:basalt":29,"minecraft:furnace":3,"minecraft:cooked_beef":2,"minecraft:cobbled_deepslate":83,"minecraft:iron_leggings":1,"minecraft:wheat_seeds":117,"minecraft:cooked_mutton":2,"minecraft:water_bucket":2,"minecraft:stone_pickaxe":38,"minecraft:blackstone":1,"minecraft:wooden_pickaxe":20,"minecraft:diamond_axe":8,"minecraft:jungle_boat":2,"minecraft:crafting_table":9,"minecraft:white_bed":1,"minecraft:smoker":1,"minecraft:diamond_pickaxe":230,"minecraft:bread":18,"minecraft:iron_pickaxe":137,"minecraft:gravel":3,"minecraft:stone_axe":37,"minecraft:diamond_sword":62,"minecraft:cobblestone":29,"minecraft:bucket":3},"minecraft:killed":{"minecraft:skeleton":4,"minecraft:chicken":6,"minecraft:pig":5,"minecraft:iron_golem":1,"minecraft:sheep":9,"minecraft:zombie":3,"minecraft:cow":4},"minecraft:custom":{"minecraft:mob_kills":32,"minecraft:interact_with_crafting_table":24,"minecraft:leave_game":13,"minecraft:time_since_death":70228,"minecraft:climb_one_cm":91,"minecraft:sprint_one_cm":138179,"minecraft:walk_one_cm":110100,"minecraft:damage_blocked_by_shield":347,"minecraft:drop":45,"minecraft:play_time":70228,"minecraft:sneak_time":15001,"minecraft:walk_under_water_one_cm":7186,"minecraft:boat_one_cm":113825,"minecraft:jump":1665,"minecraft:walk_on_water_one_cm":11181,"minecraft:total_world_time":70228,"minecraft:interact_with_furnace":42,"minecraft:sleep_in_bed":1,"minecraft:time_since_rest":422,"minecraft:damage_taken":1096,"minecraft:damage_dealt":4101,"minecraft:swim_one_cm":29133,"minecraft:fly_one_cm":269644,"minecraft:open_chest":2,"minecraft:crouch_one_cm":54991,"minecraft:interact_with_smoker":6,"minecraft:fall_one_cm":54813},"minecraft:broken":{"minecraft:stone_pickaxe":1},"minecraft:mined":{"minecraft:nether_gold_ore":1,"minecraft:tuff":2,"minecraft:deepslate_diamond_ore":7,"minecraft:obsidian":16,"minecraft:acacia_log":5,"minecraft:grass_block":3,"minecraft:furnace":3,"minecraft:iron_ore":4,"minecraft:cobbled_deepslate":3,"minecraft:fire":15,"minecraft:stone":34,"minecraft:acacia_leaves":1,"minecraft:blackstone":1,"minecraft:basalt":57,"minecraft:crafting_table":8,"minecraft:short_grass":2,"minecraft:sculk_sensor":1,"minecraft:nether_quartz_ore":42,"minecraft:tall_grass":7,"minecraft:cobblestone":3,"minecraft:lapis_ore":1,"minecraft:deepslate_gold_ore":2,"minecraft:sugar_cane":4,"minecraft:sculk":2,"minecraft:wheat":68,"minecraft:coal_ore":7,"minecraft:gravel":4,"minecraft:netherrack":108,"minecraft:oak_leaves":2,"minecraft:deepslate":126,"minecraft:fern":1},"minecraft:picked_up":{"minecraft:crafting_table":8,"minecraft:wheat":54,"minecraft:chicken":6,"minecraft:blackstone":1,"minecraft:gold_nugget":5,"minecraft:cobbled_deepslate":137,"minecraft:beef":6,"minecraft:poppy":1,"minecraft:light_gray_wool":1,"minecraft:sugar_cane":6,"minecraft:egg":2,"minecraft:furnace":3,"minecraft:stick":4,"minecraft:raw_iron":27,"minecraft:acacia_log":14,"minecraft:porkchop":11,"minecraft:pointed_dripstone":2,"minecraft:arrow":3,"minecraft:rotten_flesh":2,"minecraft:gold_ingot":1,"minecraft:mutton":16,"minecraft:obsidian":16,"minecraft:white_wool":8,"minecraft:cobblestone":37,"minecraft:jungle_boat":2,"minecraft:feather":7,"minecraft:basalt":57,"minecraft:jungle_log":9,"minecraft:leather":5,"minecraft:flint":1,"minecraft:oak_log":11,"minecraft:tuff":3,"minecraft:gunpowder":2,"minecraft:lapis_lazuli":42,"minecraft:dirt":3,"minecraft:bone":7,"minecraft:apple":2,"minecraft:wheat_seeds":158,"minecraft:raw_gold":6,"minecraft:iron_ingot":4,"minecraft:acacia_sapling":5,"minecraft:quartz":315,"minecraft:gravel":3,"minecraft:dripstone_block":2,"minecraft:diamond":47,"minecraft:oak_sapling":12,"minecraft:netherrack":105,"minecraft:coal":183}},"DataVersion":3953}