{"stats":{"minecraft:dropped":{"minecraft:wheat_seeds":44,"minecraft:dripstone_block":2,"minecraft:feather":7,"minecraft:iron_helmet":1,"minecraft:cobblestone":2,"minecraft:flint":1,"minecraft:dirt":1,"minecraft:mutton":2,"minecraft:iron_leggings":1,"minecraft:gold_nugget":5,"minecraft:iron_pickaxe":1,"minecraft:stone_axe":1,"minecraft:cobbled_deepslate":46,"minecraft:tuff":3,"minecraft:pointed_dripstone":2,"minecraft:chicken":3,"minecraft:rotten_flesh":2,"minecraft:light_gray_wool":1,"minecraft:iron_boots":1,"minecraft:poppy":1,"minecraft:gunpowder":2,"minecraft:iron_chestplate":1,"minecraft:oak_sapling":12,"minecraft:acacia_sapling":5,"minecraft:basalt":3,"minecraft:wooden_pickaxe":1,"minecraft:quartz":315,"minecraft:netherrack":56},"minecraft:crafted":{"minecraft:cooked_chicken":3,"minecraft:furnace":1,"minecraft:cooked_mutton":26,"minecraft:diamond_helmet":1,"minecraft:diamond_leggings":1,"minecraft:iron_boots":1,"minecraft:stone_pickaxe":1,"minecraft:diamond_boots":1,"minecraft:golden_boots":1,"minecraft:smoker":1,"minecraft:cooked_beef":6,"minecraft:coal_block":1,"minecraft:diamond_sword":1,"minecraft:cooked_porkchop":11,"minecraft:diamond_axe":1,"minecraft:crafting_table":2,"minecraft:enchanting_table":1,"minecraft:jungle_boat":1,"minecraft:wooden_pickaxe":1,"minecraft:iron_helmet":1,"minecraft:bucket":1,"minecraft:stone_axe":1,"minecraft:bread":18,"minecraft:air":0,"minecraft:jungle_planks":36,"minecraft:book":3,"minecraft:iron_chestplate":1,"minecraft:paper":9,"minecraft:diamond_pickaxe":1,"minecraft:shield":1,"minecraft:stick":12,"minecraft:iron_ingot":27,"minecraft:iron_pickaxe":1,"minecraft:iron_leggings":1,"minecraft:gold_ingot":5,"minecraft:white_bed":1,"minecraft:acacia_planks":56,"minecraft:diamond_chestplate":1},"minecraft:used":{"minecraft:shield":11,"minecraft:cooked_chicken":3,"minecraft:netherrack":49,"minecraft:iron_chestplate":1,"minecraft:torch":1,"minecraft:dirt":2,"minecraft:basalt":33,"minecraft:beef":1,"minecraft:furnace":3,"minecraft:cooked_beef":4,"minecraft:cobbled_deepslate":83,"minecraft:iron_leggings":1,"minecraft:wheat_seeds":117,"minecraft:cooked_mutton":2,"minecraft:water_bucket":12,"minecraft:stone_pickaxe":38,"minecraft:blackstone":1,"minecraft:wooden_pickaxe":20,"minecraft:diamond_axe":12,"minecraft:jungle_boat":5,"minecraft:crafting_table":11,"minecraft:white_bed":2,"minecraft:smoker":1,"minecraft:diamond_pickaxe":242,"minecraft:bread":18,"minecraft:iron_pickaxe":137,"minecraft:gravel":3,"minecraft:stone_axe":37,"minecraft:diamond_sword":87,"minecraft:cobblestone":29,"minecraft:bucket":13},"minecraft:killed":{"minecraft:skeleton":4,"minecraft:chicken":6,"minecraft:pig":5,"minecraft:iron_golem":1,"minecraft:sheep":10,"minecraft:zombie":3,"minecraft:enderman":1,"minecraft:cow":5},"minecraft:custom":{"minecraft:mob_kills":35,"minecraft:interact_with_crafting_table":28,"minecraft:leave_game":14,"minecraft:time_since_death":520,"minecraft:climb_one_cm":91,"minecraft:sprint_one_cm":169015,"minecraft:walk_one_cm":125891,"minecraft:damage_blocked_by_shield":347,"minecraft:drop":53,"minecraft:play_time":85985,"minecraft:deaths":1,"minecraft:sneak_time":15317,"minecraft:walk_under_water_one_cm":10096,"minecraft:boat_one_cm":207862,"minecraft:jump":2098,"minecraft:walk_on_water_one_cm":15981,"minecraft:total_world_time":85985,"minecraft:interact_with_furnace":42,"minecraft:sleep_in_bed":2,"minecraft:time_since_rest":673,"minecraft:damage_taken":1612,"minecraft:damage_dealt":4681,"minecraft:swim_one_cm":35257,"minecraft:fly_one_cm":347725,"minecraft:open_chest":3,"minecraft:crouch_one_cm":56173,"minecraft:interact_with_smoker":17,"minecraft:fall_one_cm":70791},"minecraft:broken":{"minecraft:stone_pickaxe":1},"minecraft:mined":{"minecraft:nether_gold_ore":1,"minecraft:tuff":2,"minecraft:white_bed":2,"minecraft:deepslate_diamond_ore":7,"minecraft:obsidian":16,"minecraft:acacia_log":5,"minecraft:grass_block":3,"minecraft:decorated_pot":1,"minecraft:furnace":3,"minecraft:iron_ore":6,"minecraft:cobbled_deepslate":3,"minecraft:fire":15,"minecraft:stone":41,"minecraft:acacia_leaves":1,"minecraft:blackstone":1,"minecraft:smoker":1,"minecraft:basalt":57,"minecraft:crafting_table":11,"minecraft:short_grass":7,"minecraft:sculk_sensor":1,"minecraft:nether_quartz_ore":42,"minecraft:tall_grass":12,"minecraft:cobblestone":3,"minecraft:lapis_ore":1,"minecraft:deepslate_gold_ore":2,"minecraft:sugar_cane":10,"minecraft:sculk":2,"minecraft:wheat":68,"minecraft:coal_ore":7,"minecraft:gravel":4,"minecraft:netherrack":109,"minecraft:oak_leaves":6,"minecraft:deepslate":126,"minecraft:fern":1},"minecraft:picked_up":{"minecraft:crafting_table":11,"minecraft:wheat":54,"minecraft:chicken":6,"minecraft:blackstone":1,"minecraft:gold_nugget":5,"minecraft:cobbled_deepslate":137,"minecraft:beef":7,"minecraft:poppy":1,"minecraft:light_gray_wool":1,"minecraft:sugar_cane":15,"minecraft:egg":2,"minecraft:furnace":3,"minecraft:stick":4,"minecraft:raw_iron":32,"minecraft:acacia_log":14,"minecraft:porkchop":11,"minecraft:pointed_dripstone":2,"minecraft:arrow":3,"minecraft:rotten_flesh":2,"minecraft:gold_ingot":1,"minecraft:mutton":18,"minecraft:obsidian":16,"minecraft:white_wool":9,"minecraft:cobblestone":44,"minecraft:jungle_boat":5,"minecraft:feather":7,"minecraft:basalt":57,"minecraft:jungle_log":9,"minecraft:leather":7,"minecraft:smoker":1,"minecraft:flint":1,"minecraft:oak_log":11,"minecraft:tuff":3,"minecraft:gunpowder":2,"minecraft:lapis_lazuli":42,"minecraft:dirt":3,"minecraft:bone":7,"minecraft:apple":2,"minecraft:wheat_seeds":161,"minecraft:raw_gold":6,"minecraft:iron_ingot":4,"minecraft:acacia_sapling":5,"minecraft:quartz":315,"minecraft:gravel":3,"minecraft:dripstone_block":2,"minecraft:white_bed":2,"minecraft:diamond":47,"minecraft:oak_sapling":12,"minecraft:netherrack":105,"minecraft:coal":235,"minecraft:ender_pearl":1}},"DataVersion":3953}