{"stats":{"minecraft:crafted":{"minecraft:cooked_beef":20,"minecraft:oak_planks":68,"minecraft:leather_boots":2,"minecraft:crafting_table":3,"minecraft:player_head":1,"minecraft:wooden_pickaxe":1,"minecraft:furnace":2,"minecraft:leather_helmet":2,"minecraft:bucket":1,"minecraft:stone_axe":1,"minecraft:air":0,"minecraft:blue_dye":2,"minecraft:shield":1,"minecraft:iron_axe":1,"minecraft:stick":72,"minecraft:iron_ingot":52,"minecraft:iron_pickaxe":1,"minecraft:stone_pickaxe":2,"minecraft:wooden_axe":1,"minecraft:chest":1,"minecraft:torch":272},"minecraft:killed_by":{"minecraft:skeleton":1},"minecraft:used":{"minecraft:water_bucket":27,"minecraft:stone_pickaxe":157,"minecraft:shield":14,"minecraft:chest":1,"minecraft:wooden_pickaxe":3,"minecraft:player_head":1,"minecraft:rotten_flesh":4,"minecraft:torch":189,"minecraft:dirt":1,"minecraft:crafting_table":8,"minecraft:wooden_axe":4,"minecraft:iron_axe":30,"minecraft:suspicious_stew":2,"minecraft:iron_pickaxe":132,"minecraft:stone_axe":53,"minecraft:cobblestone":165,"minecraft:oak_sapling":3,"minecraft:furnace":2,"minecraft:porkchop":2,"minecraft:bucket":28,"minecraft:cobbled_deepslate":20,"minecraft:cooked_beef":20,"minecraft:pointed_dripstone":2},"minecraft:mined":{"minecraft:oak_sapling":1,"minecraft:deepslate_diamond_ore":6,"minecraft:crafting_table":6,"minecraft:torch":2,"minecraft:short_grass":3,"minecraft:grass_block":1,"minecraft:copper_ore":1,"minecraft:cobblestone":8,"minecraft:deepslate_gold_ore":2,"minecraft:lapis_ore":1,"minecraft:sugar_cane":3,"minecraft:wall_torch":3,"minecraft:furnace":1,"minecraft:iron_ore":14,"minecraft:cobbled_deepslate":2,"minecraft:andesite":5,"minecraft:deepslate_lapis_ore":1,"minecraft:oak_log":6,"minecraft:coal_ore":7,"minecraft:deepslate_iron_ore":3,"minecraft:stone":190,"minecraft:gold_ore":1,"minecraft:cyan_candle":1,"minecraft:oak_leaves":1,"minecraft:deepslate":46},"minecraft:picked_up":{"minecraft:crafting_table":6,"minecraft:andesite":5,"minecraft:leather":11,"minecraft:oak_log":59,"minecraft:gunpowder":3,"minecraft:lapis_lazuli":27,"minecraft:dirt":1,"minecraft:raw_copper":33,"minecraft:bone":9,"minecraft:apple":3,"minecraft:bow":2,"minecraft:wheat_seeds":3,"minecraft:cobbled_deepslate":46,"minecraft:raw_gold":13,"minecraft:beef":20,"minecraft:cyan_candle":3,"minecraft:sugar_cane":5,"minecraft:oak_planks":2,"minecraft:furnace":1,"minecraft:stick":10,"minecraft:raw_iron":64,"minecraft:torch":7,"minecraft:dripstone_block":3,"minecraft:porkchop":9,"minecraft:pointed_dripstone":5,"minecraft:spider_eye":1,"minecraft:bundle":1,"minecraft:arrow":8,"minecraft:rotten_flesh":10,"minecraft:diamond":13,"minecraft:oak_sapling":27,"minecraft:coal":90,"minecraft:cobblestone":190,"minecraft:diamond_pickaxe":1},"minecraft:custom":{"minecraft:interact_with_furnace":29,"minecraft:mob_kills":41,"minecraft:interact_with_crafting_table":16,"minecraft:leave_game":1,"minecraft:time_since_death":4328,"minecraft:time_since_rest":4356,"minecraft:sprint_one_cm":195339,"minecraft:damage_taken":2375,"minecraft:walk_one_cm":121949,"minecraft:damage_blocked_by_shield":1177,"minecraft:drop":15,"minecraft:damage_dealt":6697,"minecraft:swim_one_cm":19330,"minecraft:fly_one_cm":262530,"minecraft:open_chest":13,"minecraft:crouch_one_cm":16244,"minecraft:play_time":61920,"minecraft:deaths":2,"minecraft:sneak_time":5020,"minecraft:walk_under_water_one_cm":4915,"minecraft:jump":1639,"minecraft:walk_on_water_one_cm":11323,"minecraft:total_world_time":61920,"minecraft:fall_one_cm":77281},"minecraft:dropped":{"minecraft:stone_axe":1,"minecraft:wheat_seeds":3,"minecraft:oak_log":8,"minecraft:cobbled_deepslate":2,"minecraft:bowl":2,"minecraft:dripstone_block":2,"minecraft:rotten_flesh":5,"minecraft:oak_planks":2,"minecraft:apple":3,"minecraft:diamond_pickaxe":1,"minecraft:andesite":4,"minecraft:oak_sapling":24,"minecraft:wooden_pickaxe":1},"minecraft:killed":{"minecraft:pig":5,"minecraft:creeper":1,"minecraft:skeleton":10,"minecraft:zombie":11,"minecraft:cow":10},"minecraft:broken":{"minecraft:stone_pickaxe":1,"minecraft:wooden_axe":1}},"DataVersion":3953}