{"stats":{"minecraft:picked_up":{"minecraft:raw_iron":1,"minecraft:netherite_scrap":2,"minecraft:raw_gold":7,"minecraft:emerald":1,"minecraft:redstone":6,"minecraft:coal":2,"minecraft:lapis_lazuli":8,"minecraft:diamond_pickaxe":1,"minecraft:cobblestone":8},"minecraft:used":{"minecraft:diamond_pickaxe":2643},"minecraft:custom":{"minecraft:time_since_rest":85434,"minecraft:play_time":85434,"minecraft:damage_taken":10,"minecraft:walk_one_cm":290,"minecraft:time_since_death":85434,"minecraft:total_world_time":85434,"minecraft:fly_one_cm":40},"minecraft:mined":{"minecraft:nether_gold_ore":32,"minecraft:emerald_ore":28,"minecraft:deepslate_redstone_ore":36,"minecraft:coal_ore":33,"minecraft:diamond_ore":34,"minecraft:deepslate_iron_ore":31,"minecraft:redstone_ore":37,"minecraft:deepslate_diamond_ore":48,"minecraft:nether_quartz_ore":32,"minecraft:iron_ore":48,"minecraft:copper_ore":42,"minecraft:cobblestone":1962,"minecraft:deepslate_coal_ore":35,"minecraft:deepslate_gold_ore":30,"minecraft:lapis_ore":39,"minecraft:ancient_debris":35,"minecraft:gold_ore":49,"minecraft:deepslate_emerald_ore":38,"minecraft:deepslate_lapis_ore":24,"minecraft:deepslate_copper_ore":30}},"DataVersion":3953}