{"stats":{"minecraft:picked_up":{"minecraft:raw_iron":1,"minecraft:netherite_scrap":10,"minecraft:quartz":4,"minecraft:raw_gold":7,"minecraft:emerald":3,"minecraft:redstone":12,"minecraft:coal":2,"minecraft:lapis_lazuli":13,"minecraft:diamond_pickaxe":1,"minecraft:cobblestone":20},"minecraft:used":{"minecraft:diamond_pickaxe":4641},"minecraft:custom":{"minecraft:time_since_rest":145434,"minecraft:play_time":145434,"minecraft:damage_taken":10,"minecraft:walk_one_cm":290,"minecraft:time_since_death":145434,"minecraft:total_world_time":145434,"minecraft:fly_one_cm":40},"minecraft:mined":{"minecraft:nether_gold_ore":51,"minecraft:emerald_ore":59,"minecraft:deepslate_redstone_ore":57,"minecraft:coal_ore":67,"minecraft:diamond_ore":56,"minecraft:deepslate_iron_ore":44,"minecraft:redstone_ore":76,"minecraft:deepslate_diamond_ore":81,"minecraft:nether_quartz_ore":60,"minecraft:iron_ore":83,"minecraft:copper_ore":66,"minecraft:cobblestone":3427,"minecraft:deepslate_coal_ore":61,"minecraft:deepslate_gold_ore":54,"minecraft:lapis_ore":64,"minecraft:ancient_debris":73,"minecraft:gold_ore":69,"minecraft:deepslate_emerald_ore":72,"minecraft:deepslate_lapis_ore":61,"minecraft:deepslate_copper_ore":60}},"DataVersion":3953}