{"stats":{"minecraft:picked_up":{"minecraft:raw_iron":1,"minecraft:netherite_scrap":10,"minecraft:quartz":4,"minecraft:raw_gold":7,"minecraft:emerald":3,"minecraft:redstone":12,"minecraft:coal":2,"minecraft:lapis_lazuli":13,"minecraft:diamond_pickaxe":1,"minecraft:cobblestone":25},"minecraft:used":{"minecraft:diamond_pickaxe":5440},"minecraft:custom":{"minecraft:time_since_rest":169434,"minecraft:play_time":169434,"minecraft:damage_taken":10,"minecraft:walk_one_cm":290,"minecraft:time_since_death":169434,"minecraft:total_world_time":169434,"minecraft:fly_one_cm":40},"minecraft:mined":{"minecraft:nether_gold_ore":60,"minecraft:emerald_ore":70,"minecraft:deepslate_redstone_ore":64,"minecraft:coal_ore":80,"minecraft:diamond_ore":72,"minecraft:deepslate_iron_ore":54,"minecraft:redstone_ore":83,"minecraft:deepslate_diamond_ore":90,"minecraft:nether_quartz_ore":71,"minecraft:iron_ore":92,"minecraft:copper_ore":73,"minecraft:cobblestone":4027,"minecraft:deepslate_coal_ore":76,"minecraft:deepslate_gold_ore":63,"minecraft:lapis_ore":74,"minecraft:ancient_debris":87,"minecraft:gold_ore":79,"minecraft:deepslate_emerald_ore":78,"minecraft:deepslate_lapis_ore":73,"minecraft:deepslate_copper_ore":74}},"DataVersion":3953}