{"stats":{"minecraft:picked_up":{"minecraft:raw_iron":1,"minecraft:netherite_scrap":2,"minecraft:raw_gold":3,"minecraft:emerald":1,"minecraft:redstone":6,"minecraft:coal":2,"minecraft:lapis_lazuli":8,"minecraft:diamond_pickaxe":1,"minecraft:cobblestone":3},"minecraft:used":{"minecraft:diamond_pickaxe":1443},"minecraft:custom":{"minecraft:time_since_rest":49434,"minecraft:play_time":49434,"minecraft:damage_taken":10,"minecraft:walk_one_cm":290,"minecraft:time_since_death":49434,"minecraft:total_world_time":49434,"minecraft:fly_one_cm":40},"minecraft:mined":{"minecraft:nether_gold_ore":18,"minecraft:emerald_ore":17,"minecraft:deepslate_redstone_ore":21,"minecraft:coal_ore":18,"minecraft:diamond_ore":19,"minecraft:deepslate_iron_ore":16,"minecraft:redstone_ore":24,"minecraft:deepslate_diamond_ore":29,"minecraft:nether_quartz_ore":15,"minecraft:iron_ore":32,"minecraft:copper_ore":21,"minecraft:cobblestone":1048,"minecraft:deepslate_coal_ore":21,"minecraft:deepslate_gold_ore":16,"minecraft:lapis_ore":21,"minecraft:ancient_debris":20,"minecraft:gold_ore":27,"minecraft:deepslate_emerald_ore":22,"minecraft:deepslate_lapis_ore":17,"minecraft:deepslate_copper_ore":21}},"DataVersion":3953}