{"stats":{"minecraft:picked_up":{"minecraft:redstone":6,"minecraft:diamond_pickaxe":1,"minecraft:cobblestone":1},"minecraft:used":{"minecraft:diamond_pickaxe":243},"minecraft:custom":{"minecraft:time_since_rest":13434,"minecraft:play_time":13434,"minecraft:damage_taken":10,"minecraft:walk_one_cm":290,"minecraft:time_since_death":13434,"minecraft:total_world_time":13434,"minecraft:fly_one_cm":40},"minecraft:mined":{"minecraft:nether_gold_ore":1,"minecraft:deepslate_redstone_ore":3,"minecraft:coal_ore":2,"minecraft:diamond_ore":3,"minecraft:deepslate_iron_ore":4,"minecraft:redstone_ore":6,"minecraft:deepslate_diamond_ore":5,"minecraft:nether_quartz_ore":5,"minecraft:iron_ore":8,"minecraft:copper_ore":4,"minecraft:cobblestone":180,"minecraft:deepslate_coal_ore":3,"minecraft:lapis_ore":3,"minecraft:ancient_debris":4,"minecraft:gold_ore":4,"minecraft:deepslate_emerald_ore":1,"minecraft:deepslate_lapis_ore":3,"minecraft:deepslate_copper_ore":4}},"DataVersion":3953}