{"stats":{"minecraft:picked_up":{"minecraft:raw_iron":1,"minecraft:netherite_scrap":10,"minecraft:quartz":4,"minecraft:raw_gold":11,"minecraft:emerald":3,"minecraft:redstone":12,"minecraft:hopper":1,"minecraft:coal":2,"minecraft:lapis_lazuli":13,"minecraft:diamond_pickaxe":2,"minecraft:cobblestone":28},"minecraft:used":{"minecraft:diamond_pickaxe":6265},"minecraft:killed_by":{"minecraft:player":4},"minecraft:custom":{"minecraft:time_since_rest":0,"minecraft:walk_one_cm":951,"minecraft:play_time":197103,"minecraft:damage_taken":1230,"minecraft:deaths":4,"minecraft:leave_game":5,"minecraft:time_since_death":0,"minecraft:total_world_time":197103,"minecraft:fly_one_cm":401},"minecraft:mined":{"minecraft:emerald_ore":80,"minecraft:nether_gold_ore":73,"minecraft:deepslate_redstone_ore":70,"minecraft:diamond_ore":83,"minecraft:coal_ore":90,"minecraft:redstone_ore":93,"minecraft:deepslate_iron_ore":63,"minecraft:deepslate_diamond_ore":107,"minecraft:iron_ore":107,"minecraft:nether_quartz_ore":78,"minecraft:copper_ore":80,"minecraft:cobblestone":4643,"minecraft:deepslate_coal_ore":93,"minecraft:deepslate_gold_ore":73,"minecraft:lapis_ore":88,"minecraft:ancient_debris":95,"minecraft:hopper":1,"minecraft:gold_ore":87,"minecraft:deepslate_lapis_ore":86,"minecraft:deepslate_emerald_ore":93,"minecraft:deepslate_copper_ore":82}},"DataVersion":3953}