{"stats":{"minecraft:picked_up":{"minecraft:raw_iron":1,"minecraft:netherite_scrap":2,"minecraft:quartz":4,"minecraft:raw_gold":7,"minecraft:emerald":1,"minecraft:redstone":6,"minecraft:coal":2,"minecraft:lapis_lazuli":8,"minecraft:diamond_pickaxe":1,"minecraft:cobblestone":10},"minecraft:used":{"minecraft:diamond_pickaxe":3042},"minecraft:custom":{"minecraft:time_since_rest":97434,"minecraft:play_time":97434,"minecraft:damage_taken":10,"minecraft:walk_one_cm":290,"minecraft:time_since_death":97434,"minecraft:total_world_time":97434,"minecraft:fly_one_cm":40},"minecraft:mined":{"minecraft:nether_gold_ore":33,"minecraft:emerald_ore":35,"minecraft:deepslate_redstone_ore":39,"minecraft:coal_ore":38,"minecraft:diamond_ore":40,"minecraft:deepslate_iron_ore":32,"minecraft:redstone_ore":42,"minecraft:deepslate_diamond_ore":55,"minecraft:nether_quartz_ore":40,"minecraft:iron_ore":49,"minecraft:copper_ore":51,"minecraft:cobblestone":2260,"minecraft:deepslate_coal_ore":39,"minecraft:deepslate_gold_ore":35,"minecraft:lapis_ore":44,"minecraft:ancient_debris":46,"minecraft:gold_ore":54,"minecraft:deepslate_emerald_ore":45,"minecraft:deepslate_lapis_ore":28,"minecraft:deepslate_copper_ore":37}},"DataVersion":3953}