{"stats":{"minecraft:picked_up":{"minecraft:raw_iron":1,"minecraft:netherite_scrap":6,"minecraft:quartz":4,"minecraft:raw_gold":7,"minecraft:emerald":1,"minecraft:redstone":12,"minecraft:coal":2,"minecraft:lapis_lazuli":8,"minecraft:diamond_pickaxe":1,"minecraft:cobblestone":15},"minecraft:used":{"minecraft:diamond_pickaxe":3841},"minecraft:custom":{"minecraft:time_since_rest":121434,"minecraft:play_time":121434,"minecraft:damage_taken":10,"minecraft:walk_one_cm":290,"minecraft:time_since_death":121434,"minecraft:total_world_time":121434,"minecraft:fly_one_cm":40},"minecraft:mined":{"minecraft:nether_gold_ore":44,"minecraft:emerald_ore":41,"minecraft:deepslate_redstone_ore":47,"minecraft:coal_ore":60,"minecraft:diamond_ore":53,"minecraft:deepslate_iron_ore":36,"minecraft:redstone_ore":57,"minecraft:deepslate_diamond_ore":69,"minecraft:nether_quartz_ore":45,"minecraft:iron_ore":68,"minecraft:copper_ore":59,"minecraft:cobblestone":2851,"minecraft:deepslate_coal_ore":47,"minecraft:deepslate_gold_ore":44,"minecraft:lapis_ore":60,"minecraft:ancient_debris":56,"minecraft:gold_ore":61,"minecraft:deepslate_emerald_ore":53,"minecraft:deepslate_lapis_ore":45,"minecraft:deepslate_copper_ore":45}},"DataVersion":3953}