{"stats":{"minecraft:picked_up":{"minecraft:raw_iron":1,"minecraft:netherite_scrap":10,"minecraft:quartz":4,"minecraft:raw_gold":7,"minecraft:emerald":3,"minecraft:redstone":12,"minecraft:coal":2,"minecraft:lapis_lazuli":13,"minecraft:diamond_pickaxe":1,"minecraft:cobblestone":26},"minecraft:used":{"minecraft:diamond_pickaxe":6039},"minecraft:custom":{"minecraft:time_since_rest":187434,"minecraft:play_time":187434,"minecraft:damage_taken":10,"minecraft:walk_one_cm":290,"minecraft:time_since_death":187434,"minecraft:total_world_time":187434,"minecraft:fly_one_cm":40},"minecraft:mined":{"minecraft:nether_gold_ore":72,"minecraft:emerald_ore":73,"minecraft:deepslate_redstone_ore":69,"minecraft:coal_ore":88,"minecraft:diamond_ore":78,"minecraft:deepslate_iron_ore":61,"minecraft:redstone_ore":92,"minecraft:deepslate_diamond_ore":102,"minecraft:nether_quartz_ore":77,"minecraft:iron_ore":104,"minecraft:copper_ore":78,"minecraft:cobblestone":4475,"minecraft:deepslate_coal_ore":84,"minecraft:deepslate_gold_ore":73,"minecraft:lapis_ore":83,"minecraft:ancient_debris":93,"minecraft:gold_ore":85,"minecraft:deepslate_emerald_ore":90,"minecraft:deepslate_lapis_ore":84,"minecraft:deepslate_copper_ore":78}},"DataVersion":3953}