{"stats":{"minecraft:picked_up":{"minecraft:raw_iron":1,"minecraft:netherite_scrap":2,"minecraft:quartz":4,"minecraft:raw_gold":7,"minecraft:emerald":1,"minecraft:redstone":6,"minecraft:coal":2,"minecraft:lapis_lazuli":8,"minecraft:diamond_pickaxe":1,"minecraft:cobblestone":12},"minecraft:used":{"minecraft:diamond_pickaxe":3442},"minecraft:custom":{"minecraft:time_since_rest":109434,"minecraft:play_time":109434,"minecraft:damage_taken":10,"minecraft:walk_one_cm":290,"minecraft:time_since_death":109434,"minecraft:total_world_time":109434,"minecraft:fly_one_cm":40},"minecraft:mined":{"minecraft:nether_gold_ore":39,"minecraft:emerald_ore":40,"minecraft:deepslate_redstone_ore":41,"minecraft:coal_ore":47,"minecraft:diamond_ore":46,"minecraft:deepslate_iron_ore":32,"minecraft:redstone_ore":48,"minecraft:deepslate_diamond_ore":61,"minecraft:nether_quartz_ore":42,"minecraft:iron_ore":60,"minecraft:copper_ore":56,"minecraft:cobblestone":2572,"minecraft:deepslate_coal_ore":42,"minecraft:deepslate_gold_ore":40,"minecraft:lapis_ore":48,"minecraft:ancient_debris":48,"minecraft:gold_ore":57,"minecraft:deepslate_emerald_ore":47,"minecraft:deepslate_lapis_ore":36,"minecraft:deepslate_copper_ore":40}},"DataVersion":3953}