{"stats":{"minecraft:picked_up":{"minecraft:netherite_scrap":2,"minecraft:raw_gold":3,"minecraft:emerald":1,"minecraft:redstone":6,"minecraft:coal":2,"minecraft:lapis_lazuli":8,"minecraft:diamond_pickaxe":1,"minecraft:cobblestone":2},"minecraft:used":{"minecraft:diamond_pickaxe":1043},"minecraft:custom":{"minecraft:time_since_rest":37434,"minecraft:play_time":37434,"minecraft:damage_taken":10,"minecraft:walk_one_cm":290,"minecraft:time_since_death":37434,"minecraft:total_world_time":37434,"minecraft:fly_one_cm":40},"minecraft:mined":{"minecraft:nether_gold_ore":13,"minecraft:emerald_ore":13,"minecraft:deepslate_redstone_ore":14,"minecraft:coal_ore":10,"minecraft:diamond_ore":15,"minecraft:deepslate_iron_ore":9,"minecraft:redstone_ore":22,"minecraft:deepslate_diamond_ore":20,"minecraft:nether_quartz_ore":10,"minecraft:iron_ore":22,"minecraft:copper_ore":15,"minecraft:cobblestone":758,"minecraft:deepslate_coal_ore":15,"minecraft:deepslate_gold_ore":14,"minecraft:lapis_ore":15,"minecraft:ancient_debris":15,"minecraft:gold_ore":18,"minecraft:deepslate_emerald_ore":14,"minecraft:deepslate_lapis_ore":13,"minecraft:deepslate_copper_ore":18}},"DataVersion":3953}