{"stats":{"minecraft:picked_up":{"minecraft:raw_iron":1,"minecraft:netherite_scrap":2,"minecraft:raw_gold":7,"minecraft:emerald":1,"minecraft:redstone":6,"minecraft:coal":2,"minecraft:lapis_lazuli":8,"minecraft:diamond_pickaxe":1,"minecraft:cobblestone":7},"minecraft:used":{"minecraft:diamond_pickaxe":2243},"minecraft:custom":{"minecraft:time_since_rest":73434,"minecraft:play_time":73434,"minecraft:damage_taken":10,"minecraft:walk_one_cm":290,"minecraft:time_since_death":73434,"minecraft:total_world_time":73434,"minecraft:fly_one_cm":40},"minecraft:mined":{"minecraft:nether_gold_ore":26,"minecraft:emerald_ore":25,"minecraft:deepslate_redstone_ore":32,"minecraft:coal_ore":27,"minecraft:diamond_ore":27,"minecraft:deepslate_iron_ore":28,"minecraft:redstone_ore":33,"minecraft:deepslate_diamond_ore":42,"minecraft:nether_quartz_ore":27,"minecraft:iron_ore":43,"minecraft:copper_ore":36,"minecraft:cobblestone":1651,"minecraft:deepslate_coal_ore":31,"minecraft:deepslate_gold_ore":27,"minecraft:lapis_ore":36,"minecraft:ancient_debris":33,"minecraft:gold_ore":38,"minecraft:deepslate_emerald_ore":34,"minecraft:deepslate_lapis_ore":20,"minecraft:deepslate_copper_ore":27}},"DataVersion":3953}