{"stats":{"minecraft:picked_up":{"minecraft:raw_iron":1,"minecraft:netherite_scrap":6,"minecraft:quartz":4,"minecraft:raw_gold":7,"minecraft:emerald":3,"minecraft:redstone":12,"minecraft:coal":2,"minecraft:lapis_lazuli":13,"minecraft:diamond_pickaxe":1,"minecraft:cobblestone":17},"minecraft:used":{"minecraft:diamond_pickaxe":4241},"minecraft:custom":{"minecraft:time_since_rest":133434,"minecraft:play_time":133434,"minecraft:damage_taken":10,"minecraft:walk_one_cm":290,"minecraft:time_since_death":133434,"minecraft:total_world_time":133434,"minecraft:fly_one_cm":40},"minecraft:mined":{"minecraft:nether_gold_ore":47,"minecraft:emerald_ore":48,"minecraft:deepslate_redstone_ore":52,"minecraft:coal_ore":62,"minecraft:diamond_ore":54,"minecraft:deepslate_iron_ore":41,"minecraft:redstone_ore":67,"minecraft:deepslate_diamond_ore":75,"minecraft:nether_quartz_ore":52,"minecraft:iron_ore":76,"minecraft:copper_ore":62,"minecraft:cobblestone":3145,"minecraft:deepslate_coal_ore":53,"minecraft:deepslate_gold_ore":48,"minecraft:lapis_ore":63,"minecraft:ancient_debris":63,"minecraft:gold_ore":64,"minecraft:deepslate_emerald_ore":66,"minecraft:deepslate_lapis_ore":52,"minecraft:deepslate_copper_ore":51}},"DataVersion":3953}