{"stats":{"minecraft:picked_up":{"minecraft:redstone":6,"minecraft:diamond_pickaxe":1,"minecraft:cobblestone":2},"minecraft:used":{"minecraft:diamond_pickaxe":643},"minecraft:custom":{"minecraft:time_since_rest":25434,"minecraft:play_time":25434,"minecraft:damage_taken":10,"minecraft:walk_one_cm":290,"minecraft:time_since_death":25434,"minecraft:total_world_time":25434,"minecraft:fly_one_cm":40},"minecraft:mined":{"minecraft:nether_gold_ore":10,"minecraft:emerald_ore":3,"minecraft:deepslate_redstone_ore":8,"minecraft:coal_ore":5,"minecraft:diamond_ore":8,"minecraft:deepslate_iron_ore":5,"minecraft:redstone_ore":16,"minecraft:deepslate_diamond_ore":9,"minecraft:nether_quartz_ore":6,"minecraft:iron_ore":20,"minecraft:copper_ore":7,"minecraft:cobblestone":487,"minecraft:deepslate_coal_ore":7,"minecraft:deepslate_gold_ore":4,"minecraft:lapis_ore":7,"minecraft:ancient_debris":7,"minecraft:gold_ore":12,"minecraft:deepslate_emerald_ore":7,"minecraft:deepslate_lapis_ore":6,"minecraft:deepslate_copper_ore":9}},"DataVersion":3953}