{"stats":{"minecraft:picked_up":{"minecraft:raw_iron":1,"minecraft:netherite_scrap":2,"minecraft:raw_gold":7,"minecraft:emerald":1,"minecraft:redstone":6,"minecraft:coal":2,"minecraft:lapis_lazuli":8,"minecraft:diamond_pickaxe":1,"minecraft:cobblestone":6},"minecraft:used":{"minecraft:diamond_pickaxe":1843},"minecraft:custom":{"minecraft:time_since_rest":61434,"minecraft:play_time":61434,"minecraft:damage_taken":10,"minecraft:walk_one_cm":290,"minecraft:time_since_death":61434,"minecraft:total_world_time":61434,"minecraft:fly_one_cm":40},"minecraft:mined":{"minecraft:nether_gold_ore":21,"minecraft:emerald_ore":22,"minecraft:deepslate_redstone_ore":30,"minecraft:coal_ore":20,"minecraft:diamond_ore":23,"minecraft:deepslate_iron_ore":20,"minecraft:redstone_ore":27,"minecraft:deepslate_diamond_ore":36,"minecraft:nether_quartz_ore":21,"minecraft:iron_ore":39,"minecraft:copper_ore":25,"minecraft:cobblestone":1363,"minecraft:deepslate_coal_ore":23,"minecraft:deepslate_gold_ore":20,"minecraft:lapis_ore":29,"minecraft:ancient_debris":26,"minecraft:gold_ore":30,"minecraft:deepslate_emerald_ore":28,"minecraft:deepslate_lapis_ore":17,"minecraft:deepslate_copper_ore":23}},"DataVersion":3953}