{"stats":{"minecraft:picked_up":{"minecraft:raw_iron":1,"minecraft:netherite_scrap":10,"minecraft:quartz":4,"minecraft:raw_gold":7,"minecraft:emerald":3,"minecraft:redstone":12,"minecraft:coal":2,"minecraft:lapis_lazuli":13,"minecraft:diamond_pickaxe":1,"minecraft:cobblestone":23},"minecraft:used":{"minecraft:diamond_pickaxe":5040},"minecraft:custom":{"minecraft:time_since_rest":157434,"minecraft:play_time":157434,"minecraft:damage_taken":10,"minecraft:walk_one_cm":290,"minecraft:time_since_death":157434,"minecraft:total_world_time":157434,"minecraft:fly_one_cm":40},"minecraft:mined":{"minecraft:nether_gold_ore":56,"minecraft:emerald_ore":63,"minecraft:deepslate_redstone_ore":60,"minecraft:coal_ore":74,"minecraft:diamond_ore":66,"minecraft:deepslate_iron_ore":49,"minecraft:redstone_ore":77,"minecraft:deepslate_diamond_ore":85,"minecraft:nether_quartz_ore":65,"minecraft:iron_ore":86,"minecraft:copper_ore":68,"minecraft:cobblestone":3731,"minecraft:deepslate_coal_ore":68,"minecraft:deepslate_gold_ore":60,"minecraft:lapis_ore":69,"minecraft:ancient_debris":80,"minecraft:gold_ore":71,"minecraft:deepslate_emerald_ore":74,"minecraft:deepslate_lapis_ore":68,"minecraft:deepslate_copper_ore":70}},"DataVersion":3953}