{"stats":{"minecraft:dropped":{"minecraft:guster_pottery_sherd":2,"minecraft:cooked_beef":2,"minecraft:baked_potato":3,"minecraft:diamond":131,"minecraft:decorated_pot":9,"minecraft:rail":10,"minecraft:red_mushroom":1,"minecraft:deepslate_tile_stairs":1,"minecraft:dirt":512,"minecraft:jungle_sapling":1,"minecraft:iron_pickaxe":2,"minecraft:cyan_carpet":4,"minecraft:bone":47,"minecraft:stone_axe":1,"minecraft:iron_nugget":1,"minecraft:cobbled_deepslate":15,"minecraft:pointed_dripstone":1,"minecraft:rotten_flesh":25,"universal_graves:grave_compass":1,"minecraft:oak_planks":14,"minecraft:diamond_shovel":1,"minecraft:tipped_arrow":13,"minecraft:red_candle":3,"minecraft:beetroot_seeds":4,"minecraft:jungle_log":12,"minecraft:breeze_rod":1,"minecraft:arrow":84,"minecraft:quartz":64,"minecraft:bread":10,"minecraft:wheat_seeds":23,"minecraft:dripstone_block":5,"minecraft:diamond_leggings":2,"minecraft:waxed_copper_grate":1,"minecraft:amethyst_block":1,"minecraft:ominous_trial_key":5,"minecraft:coal":6,"minecraft:golden_apple":1,"minecraft:diamond_helmet":2,"minecraft:fire_charge":2,"minecraft:potion":1,"minecraft:dead_bush":1,"minecraft:armadillo_scute":1,"minecraft:cyan_candle":5,"minecraft:iron_axe":1,"minecraft:orange_bed":1,"minecraft:tripwire_hook":1,"minecraft:redstone_block":1,"minecraft:dandelion":1,"minecraft:tuff_bricks":4,"minecraft:cocoa_beans":6,"minecraft:light_gray_candle":1,"minecraft:diamond_sword":1,"minecraft:shield":1,"minecraft:trial_key":6,"minecraft:diamond_chestplate":2,"minecraft:bundle":1,"minecraft:iron_chestplate":1,"minecraft:diamond_pickaxe":3,"minecraft:oak_sapling":1,"minecraft:spider_eye":5,"minecraft:diamond_boots":2,"minecraft:wooden_pickaxe":2,"minecraft:brick":45},"minecraft:crafted":{"minecraft:oak_planks":24,"minecraft:cooked_chicken":1,"minecraft:diamond_shovel":2,"minecraft:mace":1,"minecraft:glass":175,"minecraft:diamond_helmet":3,"minecraft:diamond_leggings":3,"minecraft:iron_boots":1,"minecraft:chest":36,"minecraft:emerald":9,"minecraft:cooked_porkchop":7,"minecraft:diamond_axe":1,"minecraft:crafting_table":1,"minecraft:wooden_pickaxe":1,"minecraft:brown_dye":5,"minecraft:string":4,"minecraft:iron_chestplate":1,"minecraft:diamond_pickaxe":1,"minecraft:shield":1,"minecraft:stick":16,"minecraft:iron_ingot":25,"minecraft:iron_pickaxe":1,"minecraft:stone_sword":1,"minecraft:tripwire_hook":3,"minecraft:player_head":2,"minecraft:diamond_hoe":1,"minecraft:wind_charge":200,"minecraft:furnace":2,"minecraft:dark_oak_trapdoor":82,"minecraft:iron_axe":1,"minecraft:diamond_boots":3,"minecraft:dark_oak_planks":728,"minecraft:wheat":99,"minecraft:cooked_beef":16,"minecraft:diamond_sword":1,"minecraft:bucket":1,"minecraft:stone_axe":1,"minecraft:bread":33,"minecraft:air":0,"minecraft:white_wool":22,"minecraft:white_bed":1,"minecraft:torch":16,"minecraft:diamond_chestplate":3},"minecraft:used":{"minecraft:diamond_hoe":352,"minecraft:decorated_pot":2,"minecraft:chest":35,"minecraft:shield":55,"minecraft:player_head":2,"minecraft:iron_chestplate":3,"minecraft:carrot":453,"minecraft:glass":610,"minecraft:lava_bucket":40,"minecraft:villager_spawn_egg":1,"minecraft:grass_block":1,"minecraft:item_frame":1,"minecraft:bow":9,"minecraft:ominous_bottle":1,"minecraft:oak_sapling":4,"minecraft:furnace":7,"minecraft:egg":2,"minecraft:dark_oak_sapling":23,"minecraft:stone_pickaxe":10,"minecraft:wooden_pickaxe":30,"minecraft:composter":8,"minecraft:diamond_axe":69,"minecraft:sugar_cane":1,"minecraft:golden_apple":2,"minecraft:glow_berries":5,"minecraft:dark_oak_trapdoor":87,"minecraft:mace":4,"minecraft:bread":27,"minecraft:diamond_sword":442,"minecraft:fire_charge":1,"minecraft:experience_bottle":9,"minecraft:stone_sword":74,"minecraft:cooked_chicken":4,"minecraft:trial_key":9,"minecraft:orange_bed":3,"minecraft:torch":8,"minecraft:dirt":546,"minecraft:anvil":1,"minecraft:hopper":2,"minecraft:iron_axe":63,"minecraft:barrel":1,"minecraft:diamond_chestplate":3,"minecraft:tripwire_hook":3,"minecraft:golden_carrot":30,"minecraft:cooked_beef":21,"minecraft:cobbled_deepslate":57,"minecraft:enchanted_golden_apple":1,"minecraft:pointed_dripstone":2,"minecraft:brown_bed":1,"minecraft:calcite":4,"minecraft:water_bucket":18,"minecraft:baked_potato":3,"minecraft:rail":2,"minecraft:tnt":1,"minecraft:crafting_table":9,"minecraft:white_bed":12,"minecraft:flower_pot":1,"minecraft:diamond_pickaxe":477,"minecraft:ominous_trial_key":5,"minecraft:diamond_shovel":789,"minecraft:wind_charge":103,"minecraft:iron_pickaxe":73,"minecraft:map":2,"minecraft:stone_axe":11,"minecraft:cobblestone":31,"minecraft:cooked_porkchop":8,"minecraft:bucket":59,"minecraft:brush":2},"minecraft:custom":{"minecraft:interact_with_crafting_table":50,"minecraft:open_barrel":21,"minecraft:leave_game":14,"minecraft:time_since_death":129242,"minecraft:damage_resisted":12,"minecraft:sprint_one_cm":981383,"minecraft:damage_blocked_by_shield":2855,"minecraft:drop":115,"minecraft:talked_to_villager":25,"minecraft:play_time":363574,"minecraft:deaths":9,"minecraft:jump":5566,"minecraft:walk_on_water_one_cm":29761,"minecraft:interact_with_furnace":59,"minecraft:sleep_in_bed":19,"minecraft:damage_dealt":27680,"minecraft:player_kills":1,"minecraft:crouch_one_cm":46201,"minecraft:mob_kills":166,"minecraft:interact_with_anvil":1,"minecraft:climb_one_cm":4704,"minecraft:walk_one_cm":1134714,"minecraft:sneak_time":11877,"minecraft:walk_under_water_one_cm":4790,"minecraft:total_world_time":363574,"minecraft:pot_flower":1,"minecraft:time_since_rest":17356,"minecraft:damage_taken":8102,"minecraft:damage_absorbed":135,"minecraft:minecart_one_cm":12358,"minecraft:swim_one_cm":19235,"minecraft:fly_one_cm":1533606,"minecraft:open_chest":603,"minecraft:fall_one_cm":171077},"minecraft:killed":{"minecraft:cave_spider":30,"minecraft:spider":16,"minecraft:skeleton":33,"minecraft:chicken":1,"minecraft:silverfish":1,"minecraft:pig":4,"minecraft:zombie_villager":2,"minecraft:creeper":7,"minecraft:sheep":1,"minecraft:trader_llama":2,"minecraft:pillager":2,"minecraft:zombie":36,"minecraft:cow":9,"minecraft:vindicator":1,"minecraft:slime":8,"minecraft:wandering_trader":1,"minecraft:breeze":7,"minecraft:player":1},"minecraft:broken":{"minecraft:golden_helmet":1},"minecraft:killed_by":{"minecraft:creeper":2,"minecraft:zombie":2,"minecraft:skeleton":2,"minecraft:breeze":1},"minecraft:mined":{"minecraft:oak_sapling":4,"minecraft:sculk_vein":1,"minecraft:brewing_stand":1,"minecraft:potted_dead_bush":1,"minecraft:budding_amethyst":1,"minecraft:grass_block":455,"minecraft:spawner":2,"minecraft:magma_block":23,"minecraft:dark_oak_trapdoor":10,"minecraft:cobbled_deepslate":2,"minecraft:iron_ore":7,"minecraft:sticky_piston":2,"minecraft:fire":23,"minecraft:deepslate_lapis_ore":1,"minecraft:water_cauldron":2,"minecraft:dirt_path":1,"minecraft:iron_block":1,"minecraft:orange_bed":2,"minecraft:deepslate_redstone_ore":1,"minecraft:amethyst_cluster":3,"minecraft:calcite":4,"minecraft:chest":4,"minecraft:glass":307,"minecraft:nether_quartz_ore":16,"minecraft:slime_block":5,"minecraft:sugar_cane":10,"minecraft:oak_planks":16,"minecraft:wall_torch":3,"minecraft:amethyst_block":1,"minecraft:wheat":1,"minecraft:tnt":3,"minecraft:oak_log":6,"minecraft:dark_oak_sapling":10,"minecraft:dirt":303,"minecraft:tripwire_hook":3,"minecraft:netherrack":18,"minecraft:oak_leaves":12,"minecraft:deepslate":48,"minecraft:nether_gold_ore":5,"minecraft:tuff":1,"minecraft:dark_oak_leaves":1,"minecraft:deepslate_diamond_ore":22,"minecraft:decorated_pot":61,"minecraft:brown_mushroom_block":4,"minecraft:cartography_table":4,"minecraft:large_fern":2,"minecraft:hay_block":11,"minecraft:furnace":5,"minecraft:carrots":131,"minecraft:jungle_sapling":1,"minecraft:deepslate_iron_ore":1,"minecraft:vine":4,"minecraft:stone":61,"minecraft:redstone_block":1,"minecraft:observer":1,"minecraft:dandelion":1,"minecraft:crafting_table":7,"minecraft:short_grass":114,"minecraft:lectern":1,"minecraft:tall_grass":92,"minecraft:deepslate_coal_ore":1,"minecraft:deepslate_gold_ore":1,"minecraft:diorite":1,"minecraft:coal_ore":12,"minecraft:flower_pot":3,"minecraft:cobweb":42,"minecraft:fern":15},"minecraft:picked_up":{"minecraft:iron_chestplate":2,"minecraft:redstone_block":1,"minecraft:flower_pot":4,"minecraft:lead":2,"minecraft:diamond_sword":2,"minecraft:potion":1,"minecraft:enchanted_book":1,"minecraft:brewing_stand":1,"minecraft:amethyst_block":1,"minecraft:dark_oak_trapdoor":10,"minecraft:polished_deepslate":2,"minecraft:music_disc_cat":1,"minecraft:string":99,"minecraft:raw_copper":44,"minecraft:sticky_piston":2,"minecraft:red_candle":3,"minecraft:experience_bottle":11,"minecraft:diamond_leggings":1,"minecraft:red_sand":7,"minecraft:gold_nugget":228,"minecraft:cobbled_deepslate":79,"minecraft:dark_oak_leaves":84,"minecraft:trial_key":10,"minecraft:calcite":4,"minecraft:iron_pickaxe":4,"minecraft:enchanted_golden_apple":1,"minecraft:furnace":5,"minecraft:tipped_arrow":53,"minecraft:stick":81,"minecraft:deepslate_brick_wall":1,"minecraft:torch":4,"minecraft:porkchop":7,"minecraft:waxed_copper_grate":4,"minecraft:pointed_dripstone":3,"minecraft:diorite":1,"minecraft:deepslate_tile_stairs":1,"minecraft:cauldron":2,"minecraft:orange_bed":3,"minecraft:rotten_flesh":55,"minecraft:honey_bottle":2,"minecraft:armadillo_scute":1,"minecraft:iron_block":18,"minecraft:cobblestone":714,"minecraft:magma_block":46,"minecraft:feather":2,"minecraft:cooked_beef":9,"minecraft:jungle_log":20,"minecraft:flint":4,"minecraft:lapis_lazuli":138,"minecraft:dirt":6508,"minecraft:lantern":3,"minecraft:glass":305,"minecraft:bone":54,"minecraft:bow":3,"minecraft:wheat_seeds":153,"minecraft:raw_gold":3,"minecraft:bolt_armor_trim_smithing_template":2,"minecraft:cyan_candle":5,"minecraft:oak_planks":14,"minecraft:cooked_porkchop":1,"minecraft:sand":168,"minecraft:dead_bush":1,"minecraft:grass_block":1,"minecraft:dark_oak_log":1454,"minecraft:barrel":1,"minecraft:bundle":1,"minecraft:diamond":253,"minecraft:slime_block":4,"minecraft:miner_pottery_sherd":24,"minecraft:crossbow":4,"minecraft:breeze_rod":12,"minecraft:golden_apple":3,"minecraft:emerald":145,"minecraft:music_disc_precipice":2,"minecraft:oak_sapling":6,"minecraft:netherrack":18,"minecraft:ominous_trial_key":4,"minecraft:diamond_pickaxe":2,"minecraft:cocoa_beans":9,"minecraft:waxed_oxidized_cut_copper":1,"minecraft:crafting_table":7,"minecraft:ominous_bottle":5,"minecraft:chicken":1,"minecraft:pink_wool":1,"minecraft:wooden_pickaxe":1,"minecraft:brick":383,"minecraft:shield":2,"minecraft:wind_charge":24,"minecraft:cornflower":1,"minecraft:flow_banner_pattern":2,"minecraft:iron_axe":1,"minecraft:cyan_carpet":4,"minecraft:cartography_table":4,"minecraft:beef":18,"minecraft:chiseled_tuff":1,"minecraft:jungle_sapling":1,"minecraft:observer":1,"minecraft:iron_nugget":22,"minecraft:lectern":1,"minecraft:guster_pottery_sherd":2,"minecraft:sugar_cane":29,"minecraft:chest":7,"minecraft:egg":5,"minecraft:dark_oak_sapling":122,"minecraft:raw_iron":45,"minecraft:sandstone":8,"minecraft:carrot":472,"minecraft:redstone":123,"minecraft:dark_oak_planks":4,"minecraft:tnt":15,"minecraft:waxed_oxidized_chiseled_copper":1,"minecraft:arrow":107,"minecraft:decorated_pot":21,"minecraft:beetroot_seeds":4,"minecraft:deepslate_bricks":4,"minecraft:hay_block":11,"minecraft:black_banner":1,"minecraft:flow_armor_trim_smithing_template":1,"minecraft:saddle":1,"minecraft:gold_ingot":18,"minecraft:tuff_bricks":4,"minecraft:glow_berries":12,"minecraft:mutton":1,"minecraft:rail":12,"minecraft:tripwire_hook":4,"minecraft:golden_carrot":5,"minecraft:leather":13,"minecraft:red_mushroom":1,"minecraft:oak_log":10,"minecraft:waxed_copper_block":4,"minecraft:gunpowder":6,"minecraft:white_banner":1,"minecraft:orange_terracotta":6,"minecraft:apple":152,"minecraft:iron_ingot":118,"minecraft:stone_pickaxe":1,"minecraft:cooked_chicken":3,"minecraft:emerald_block":2,"minecraft:heavy_core":1,"minecraft:brush":1,"minecraft:quartz":352,"minecraft:dandelion":4,"minecraft:dripstone_block":8,"minecraft:gravel":64,"minecraft:amethyst_shard":24,"minecraft:white_bed":1,"minecraft:spider_eye":14,"minecraft:infested_stone_bricks":1,"minecraft:slime_ball":28,"minecraft:light_gray_candle":1,"minecraft:stone_axe":1,"minecraft:diamond_axe":2,"minecraft:baked_potato":8,"minecraft:coal":553,"minecraft:ender_pearl":2}},"DataVersion":3953}