{"stats":{"minecraft:used":{"minecraft:stone_sword":74,"minecraft:player_head":2,"minecraft:chest":33,"minecraft:orange_bed":3,"minecraft:shield":54,"minecraft:trial_key":9,"minecraft:cooked_chicken":3,"minecraft:torch":3,"minecraft:iron_chestplate":3,"minecraft:dirt":95,"minecraft:hopper":2,"minecraft:villager_spawn_egg":1,"minecraft:iron_axe":63,"minecraft:grass_block":1,"minecraft:item_frame":1,"minecraft:diamond_chestplate":3,"minecraft:barrel":1,"minecraft:golden_carrot":10,"minecraft:bow":9,"minecraft:ominous_bottle":1,"minecraft:oak_sapling":4,"minecraft:furnace":6,"minecraft:egg":1,"minecraft:enchanted_golden_apple":1,"minecraft:cooked_beef":21,"minecraft:cobbled_deepslate":57,"minecraft:pointed_dripstone":2,"minecraft:dark_oak_sapling":15,"minecraft:calcite":4,"minecraft:water_bucket":3,"minecraft:stone_pickaxe":10,"minecraft:baked_potato":1,"minecraft:wooden_pickaxe":30,"minecraft:diamond_axe":15,"minecraft:sugar_cane":1,"minecraft:golden_apple":2,"minecraft:rail":2,"minecraft:tnt":1,"minecraft:crafting_table":9,"minecraft:iron_pickaxe":73,"minecraft:map":2,"minecraft:flower_pot":1,"minecraft:diamond_pickaxe":71,"minecraft:wind_charge":103,"minecraft:ominous_trial_key":5,"minecraft:diamond_shovel":42,"minecraft:mace":3,"minecraft:bread":27,"minecraft:stone_axe":11,"minecraft:fire_charge":1,"minecraft:diamond_sword":302,"minecraft:cobblestone":27,"minecraft:cooked_porkchop":8,"minecraft:bucket":4,"minecraft:brush":2,"minecraft:experience_bottle":9},"minecraft:crafted":{"minecraft:oak_planks":24,"minecraft:player_head":2,"minecraft:wind_charge":200,"minecraft:furnace":1,"minecraft:diamond_shovel":1,"minecraft:mace":1,"minecraft:diamond_helmet":2,"minecraft:diamond_leggings":2,"minecraft:iron_boots":1,"minecraft:iron_axe":1,"minecraft:chest":36,"minecraft:diamond_boots":2,"minecraft:dark_oak_planks":292,"minecraft:wheat":99,"minecraft:cooked_beef":16,"minecraft:diamond_sword":1,"minecraft:emerald":9,"minecraft:cooked_porkchop":7,"minecraft:diamond_axe":1,"minecraft:crafting_table":1,"minecraft:wooden_pickaxe":1,"minecraft:bucket":1,"minecraft:stone_axe":1,"minecraft:bread":33,"minecraft:air":0,"minecraft:string":4,"minecraft:white_wool":22,"minecraft:iron_chestplate":1,"minecraft:diamond_pickaxe":1,"minecraft:shield":1,"minecraft:stick":16,"minecraft:iron_ingot":25,"minecraft:iron_pickaxe":1,"minecraft:stone_sword":1,"minecraft:white_bed":1,"minecraft:diamond_chestplate":2},"minecraft:broken":{"minecraft:golden_helmet":1},"minecraft:killed_by":{"minecraft:creeper":2,"minecraft:skeleton":2,"minecraft:breeze":1},"minecraft:picked_up":{"minecraft:iron_chestplate":2,"minecraft:waxed_oxidized_cut_copper":1,"minecraft:crafting_table":7,"minecraft:ominous_bottle":4,"minecraft:redstone_block":1,"minecraft:flower_pot":4,"minecraft:diamond_sword":1,"minecraft:wooden_pickaxe":1,"minecraft:pink_wool":1,"minecraft:enchanted_book":1,"minecraft:potion":1,"minecraft:brewing_stand":1,"minecraft:shield":2,"minecraft:brick":228,"minecraft:amethyst_block":1,"minecraft:wind_charge":24,"minecraft:polished_deepslate":2,"minecraft:music_disc_cat":1,"minecraft:string":93,"minecraft:flow_banner_pattern":2,"minecraft:iron_axe":1,"minecraft:red_candle":3,"minecraft:sticky_piston":2,"minecraft:experience_bottle":11,"minecraft:cyan_carpet":4,"minecraft:diamond_leggings":1,"minecraft:cartography_table":4,"minecraft:cobbled_deepslate":79,"minecraft:dark_oak_leaves":2,"minecraft:iron_nugget":11,"minecraft:beef":18,"minecraft:trial_key":10,"minecraft:chiseled_tuff":1,"minecraft:calcite":4,"minecraft:observer":1,"minecraft:iron_pickaxe":4,"minecraft:enchanted_golden_apple":1,"minecraft:lectern":1,"minecraft:guster_pottery_sherd":2,"minecraft:sugar_cane":15,"minecraft:chest":5,"minecraft:egg":3,"minecraft:furnace":5,"minecraft:tipped_arrow":53,"minecraft:dark_oak_sapling":38,"minecraft:raw_iron":38,"minecraft:stick":56,"minecraft:deepslate_brick_wall":1,"minecraft:torch":3,"minecraft:porkchop":7,"minecraft:pointed_dripstone":3,"minecraft:waxed_copper_grate":4,"minecraft:diorite":1,"minecraft:redstone":82,"minecraft:deepslate_tile_stairs":1,"minecraft:dark_oak_planks":4,"minecraft:cauldron":2,"minecraft:orange_bed":2,"minecraft:tnt":11,"minecraft:waxed_oxidized_chiseled_copper":1,"minecraft:arrow":103,"minecraft:honey_bottle":2,"minecraft:rotten_flesh":33,"minecraft:beetroot_seeds":4,"minecraft:decorated_pot":19,"minecraft:deepslate_bricks":4,"minecraft:hay_block":11,"minecraft:iron_block":12,"minecraft:armadillo_scute":1,"minecraft:glow_berries":12,"minecraft:gold_ingot":12,"minecraft:saddle":1,"minecraft:flow_armor_trim_smithing_template":1,"minecraft:black_banner":1,"minecraft:tuff_bricks":4,"minecraft:mutton":1,"minecraft:rail":12,"minecraft:cobblestone":72,"minecraft:feather":2,"minecraft:cooked_beef":9,"minecraft:golden_carrot":5,"minecraft:leather":6,"minecraft:red_mushroom":1,"minecraft:oak_log":6,"minecraft:waxed_copper_block":4,"minecraft:gunpowder":2,"minecraft:lapis_lazuli":92,"minecraft:dirt":74,"minecraft:lantern":3,"minecraft:bone":52,"minecraft:apple":2,"minecraft:bow":3,"minecraft:wheat_seeds":14,"minecraft:raw_gold":2,"minecraft:iron_ingot":77,"minecraft:stone_pickaxe":1,"minecraft:cooked_chicken":3,"minecraft:bolt_armor_trim_smithing_template":2,"minecraft:cyan_candle":5,"minecraft:oak_planks":1,"minecraft:emerald_block":2,"minecraft:cooked_porkchop":1,"minecraft:heavy_core":1,"minecraft:brush":1,"minecraft:dandelion":1,"minecraft:dripstone_block":8,"minecraft:amethyst_shard":24,"minecraft:dead_bush":1,"minecraft:white_bed":1,"minecraft:grass_block":1,"minecraft:dark_oak_log":641,"minecraft:spider_eye":12,"minecraft:barrel":1,"minecraft:bundle":1,"minecraft:infested_stone_bricks":1,"minecraft:slime_ball":28,"minecraft:stone_axe":1,"minecraft:light_gray_candle":1,"minecraft:diamond":198,"minecraft:slime_block":4,"minecraft:miner_pottery_sherd":24,"minecraft:diamond_axe":2,"minecraft:crossbow":4,"minecraft:breeze_rod":12,"minecraft:golden_apple":3,"minecraft:emerald":86,"minecraft:music_disc_precipice":2,"minecraft:baked_potato":8,"minecraft:oak_sapling":4,"minecraft:ominous_trial_key":4,"minecraft:coal":467,"minecraft:ender_pearl":1,"minecraft:diamond_pickaxe":1},"minecraft:killed":{"minecraft:cave_spider":30,"minecraft:vindicator":1,"minecraft:spider":11,"minecraft:slime":8,"minecraft:skeleton":31,"minecraft:silverfish":1,"minecraft:pig":4,"minecraft:zombie_villager":1,"minecraft:creeper":3,"minecraft:sheep":1,"minecraft:zombie":20,"minecraft:breeze":7,"minecraft:player":1,"minecraft:cow":9},"minecraft:custom":{"minecraft:mob_kills":132,"minecraft:interact_with_crafting_table":37,"minecraft:open_barrel":21,"minecraft:leave_game":9,"minecraft:time_since_death":64482,"minecraft:damage_resisted":12,"minecraft:climb_one_cm":4261,"minecraft:sprint_one_cm":553479,"minecraft:walk_one_cm":412720,"minecraft:damage_blocked_by_shield":2825,"minecraft:drop":84,"minecraft:talked_to_villager":12,"minecraft:play_time":196382,"minecraft:sneak_time":5534,"minecraft:deaths":7,"minecraft:walk_under_water_one_cm":3536,"minecraft:jump":3703,"minecraft:walk_on_water_one_cm":19804,"minecraft:total_world_time":196382,"minecraft:interact_with_furnace":35,"minecraft:pot_flower":1,"minecraft:sleep_in_bed":3,"minecraft:time_since_rest":64508,"minecraft:damage_taken":6519,"minecraft:damage_absorbed":135,"minecraft:damage_dealt":20878,"minecraft:minecart_one_cm":12358,"minecraft:player_kills":1,"minecraft:swim_one_cm":16520,"minecraft:fly_one_cm":893231,"minecraft:open_chest":266,"minecraft:crouch_one_cm":16912,"minecraft:fall_one_cm":141271},"minecraft:mined":{"minecraft:tuff":1,"minecraft:deepslate_diamond_ore":22,"minecraft:dark_oak_leaves":1,"minecraft:sculk_vein":1,"minecraft:brewing_stand":1,"minecraft:potted_dead_bush":1,"minecraft:budding_amethyst":1,"minecraft:grass_block":33,"minecraft:decorated_pot":60,"minecraft:brown_mushroom_block":4,"minecraft:cartography_table":4,"minecraft:spawner":2,"minecraft:hay_block":11,"minecraft:furnace":5,"minecraft:iron_ore":7,"minecraft:sticky_piston":2,"minecraft:fire":16,"minecraft:cobbled_deepslate":2,"minecraft:deepslate_lapis_ore":1,"minecraft:water_cauldron":2,"minecraft:deepslate_iron_ore":1,"minecraft:stone":28,"minecraft:iron_block":1,"minecraft:orange_bed":1,"minecraft:deepslate_redstone_ore":1,"minecraft:redstone_block":1,"minecraft:amethyst_cluster":3,"minecraft:observer":1,"minecraft:dandelion":1,"minecraft:crafting_table":7,"minecraft:short_grass":18,"minecraft:calcite":4,"minecraft:chest":4,"minecraft:lectern":1,"minecraft:tall_grass":18,"minecraft:deepslate_coal_ore":1,"minecraft:slime_block":5,"minecraft:deepslate_gold_ore":1,"minecraft:sugar_cane":4,"minecraft:diorite":1,"minecraft:wall_torch":2,"minecraft:amethyst_block":1,"minecraft:wheat":1,"minecraft:coal_ore":11,"minecraft:oak_log":6,"minecraft:dark_oak_sapling":8,"minecraft:flower_pot":3,"minecraft:dirt":2,"minecraft:cobweb":42,"minecraft:deepslate":48},"minecraft:dropped":{"minecraft:guster_pottery_sherd":2,"minecraft:bread":10,"minecraft:wheat_seeds":5,"minecraft:cooked_beef":2,"minecraft:baked_potato":3,"minecraft:dripstone_block":5,"minecraft:decorated_pot":9,"minecraft:diamond_leggings":1,"minecraft:waxed_copper_grate":1,"minecraft:amethyst_block":1,"minecraft:ominous_trial_key":5,"minecraft:rail":10,"minecraft:coal":6,"minecraft:golden_apple":1,"minecraft:red_mushroom":1,"minecraft:deepslate_tile_stairs":1,"minecraft:diamond_helmet":1,"minecraft:fire_charge":2,"minecraft:potion":1,"minecraft:dead_bush":1,"minecraft:armadillo_scute":1,"minecraft:cyan_candle":5,"minecraft:iron_axe":1,"minecraft:iron_pickaxe":2,"minecraft:cyan_carpet":4,"minecraft:redstone_block":1,"minecraft:dandelion":1,"minecraft:bone":47,"minecraft:stone_axe":1,"minecraft:tuff_bricks":4,"minecraft:cobbled_deepslate":15,"minecraft:pointed_dripstone":1,"minecraft:rotten_flesh":25,"universal_graves:grave_compass":1,"minecraft:oak_planks":1,"minecraft:light_gray_candle":1,"minecraft:tipped_arrow":13,"minecraft:shield":1,"minecraft:red_candle":3,"minecraft:trial_key":6,"minecraft:diamond_chestplate":1,"minecraft:bundle":1,"minecraft:diamond_pickaxe":2,"minecraft:iron_chestplate":1,"minecraft:beetroot_seeds":4,"minecraft:breeze_rod":1,"minecraft:spider_eye":5,"minecraft:diamond_boots":1,"minecraft:arrow":84,"minecraft:wooden_pickaxe":2}},"DataVersion":3953}