{"stats":{"minecraft:used":{"minecraft:diamond_pickaxe":1087},"minecraft:custom":{"minecraft:time_since_rest":36129,"minecraft:play_time":36129,"minecraft:walk_one_cm":392,"minecraft:time_since_death":36129,"minecraft:total_world_time":36129},"minecraft:mined":{"minecraft:nether_gold_ore":18,"minecraft:emerald_ore":7,"minecraft:deepslate_redstone_ore":18,"minecraft:diamond_ore":9,"minecraft:coal_ore":22,"minecraft:redstone_ore":13,"minecraft:deepslate_iron_ore":12,"minecraft:deepslate_diamond_ore":15,"minecraft:iron_ore":15,"minecraft:nether_quartz_ore":16,"minecraft:copper_ore":17,"minecraft:cobblestone":801,"minecraft:deepslate_coal_ore":16,"minecraft:lapis_ore":13,"minecraft:deepslate_gold_ore":13,"minecraft:ancient_debris":18,"minecraft:gold_ore":13,"minecraft:deepslate_emerald_ore":20,"minecraft:deepslate_lapis_ore":18,"minecraft:deepslate_copper_ore":13},"minecraft:picked_up":{"minecraft:raw_copper":3,"minecraft:cobblestone":1,"minecraft:diamond_pickaxe":2},"minecraft:broken":{"minecraft:diamond_pickaxe":1}},"DataVersion":3953}